-- Adminer 4.2.5 MySQL dump

SET NAMES utf8;
SET time_zone = '+00:00';
SET foreign_key_checks = 0;
SET sql_mode = 'NO_AUTO_VALUE_ON_ZERO';

SET NAMES utf8mb4;

DROP TABLE IF EXISTS `agents`;
CREATE TABLE `agents` (
  `id` int(10) unsigned NOT NULL AUTO_INCREMENT,
  `user_id` int(11) NOT NULL,
  `code` varchar(50) COLLATE utf8mb4_unicode_ci NOT NULL,
  `status` tinyint(4) NOT NULL DEFAULT 0,
  `created_at` timestamp NULL DEFAULT NULL,
  `updated_at` timestamp NULL DEFAULT NULL,
  PRIMARY KEY (`id`)
) ENGINE=InnoDB DEFAULT CHARSET=utf8mb4 COLLATE=utf8mb4_unicode_ci;

INSERT INTO `agents` (`id`, `user_id`, `code`, `status`, `created_at`, `updated_at`) VALUES
(1, 8,  'qcVKzKe7zT7lLMeHVy8RsA5mfnE2zH', 1,  '2018-02-12 20:01:52',  '2018-02-12 20:01:52'),
(2, 11, 'IYUZXO451X2bsoomiQdgydwvKf3rlq', 1,  '2018-02-13 09:16:49',  '2018-02-13 09:16:49');

DROP TABLE IF EXISTS `categories`;
CREATE TABLE `categories` (
  `id` int(10) unsigned NOT NULL AUTO_INCREMENT,
  `category` varchar(255) COLLATE utf8mb4_unicode_ci NOT NULL,
  `created_at` timestamp NULL DEFAULT NULL,
  `updated_at` timestamp NULL DEFAULT NULL,
  `slug` varchar(255) COLLATE utf8mb4_unicode_ci DEFAULT NULL,
  `type` char(1) COLLATE utf8mb4_unicode_ci DEFAULT NULL,
  `image` varchar(45) COLLATE utf8mb4_unicode_ci DEFAULT 'default.jpg',
  PRIMARY KEY (`id`)
) ENGINE=InnoDB DEFAULT CHARSET=utf8mb4 COLLATE=utf8mb4_unicode_ci;

INSERT INTO `categories` (`id`, `category`, `created_at`, `updated_at`, `slug`, `type`, `image`) VALUES
(1, 'Fashion & Beauty', NULL, NULL, 'fashion-&-beauty', 'p',  'fashion.jpg'),
(2, 'Fitness & Sports', NULL, NULL, 'fitness-&-sports', 's',  'sport.jpg'),
(3, 'Professional Services',  NULL, NULL, 'professional-services',  's',  'pro1.jpg'),
(4, 'Entertainment & Events', NULL, NULL, 'entertainment-&-events', 's',  'entertain.jpg'),
(5, 'Household Electronics',  '0000-00-00 00:00:00',  '0000-00-00 00:00:00',  'household-electronincs', 'p',  'household.jpg'),
(6, 'Travel / Tourism', NULL, NULL, 'travel-&-tourism', 's',  'travel.jpg'),
(7, 'Cars & Vehicles',  NULL, NULL, 'cars', 'p',  'car.jpg'),
(8, 'Restaurants /Nightlife', NULL, NULL, 'restaurants-&-nightlife',  's',  'restaurant.jpg'),
(9, 'Handy Man',  NULL, NULL, 'handy-man',  's',  'handyman.jpg'),
(10,  'Education',  NULL, NULL, 'education',  's',  'education.jpg'),
(11,  'Property Rental / Sale', NULL, NULL, 'property', 'p',  'house.jpg');

DROP TABLE IF EXISTS `comments`;
CREATE TABLE `comments` (
  `id` int(10) unsigned NOT NULL AUTO_INCREMENT,
  `user_id` int(10) unsigned NOT NULL,
  `body` text COLLATE utf8mb4_unicode_ci NOT NULL,
  `commentable_id` int(10) unsigned NOT NULL,
  `commentable_type` varchar(255) COLLATE utf8mb4_unicode_ci NOT NULL,
  `created_at` timestamp NULL DEFAULT NULL,
  `updated_at` timestamp NULL DEFAULT NULL,
  PRIMARY KEY (`id`)
) ENGINE=InnoDB DEFAULT CHARSET=utf8mb4 COLLATE=utf8mb4_unicode_ci;

INSERT INTO `comments` (`id`, `user_id`, `body`, `commentable_id`, `commentable_type`, `created_at`, `updated_at`) VALUES
(1, 1,  'Nice Service there...',  5,  'App\\Service', '2018-02-04 04:39:29',  '2018-02-04 04:39:29'),
(2, 2,  'Very good service',  5,  'App\\Service', '2018-02-04 04:39:53',  '2018-02-04 04:39:53'),
(3, 3,  'O sooooo gooo of you', 5,  'App\\Service', '2018-02-04 04:40:16',  '2018-02-04 04:40:16'),
(4, 1,  'sy say maley maley maley', 5,  'App\\Service', '2018-02-04 06:16:00',  '2018-02-04 06:16:00'),
(5, 1,  'Mkae i pay for this ooooooooooooooooooooooooooooooooooooooo, this babe is so so annoying me.\r\nYou know everything thats wrong, yet you never try to right anything. at all. you just sit there and keep complaining. Ya soooooo mad.', 11, 'App\\Service', '2018-02-04 06:18:01',  '2018-02-04 06:18:01'),
(6, 1,  'yA mad\r\nYa MaD\r\nYA mAd', 11, 'App\\Service', '2018-02-04 06:19:06',  '2018-02-04 06:19:06'),
(7, 1,  'yaaaaaaaaaaaaaaaaaaaaaaaaaaaa \r\nmaaaaaaaaaaaaaaaaaaddddddddddddddddddddddddd \r\noooooooooooooooooooooooooooo',  11, 'App\\Service', '2018-02-04 06:24:00',  '2018-02-04 06:24:00'),
(8, 1,  'hope we re still good...', 11, 'App\\Service', '2018-02-04 06:24:34',  '2018-02-04 06:24:34'),
(9, 1,  'are u ready',  11, 'App\\Service', '2018-02-04 06:24:55',  '2018-02-04 06:24:55'),
(10,  1,  'hooooooooommmmmmmmmmmmmmmmmmm o shey oooooooooo',  5,  'App\\Service', '2018-02-10 05:52:30',  '2018-02-10 05:52:30'),
(11,  1,  'gdzfg',  24, 'App\\Service', '2018-02-10 07:53:22',  '2018-02-10 07:53:22'),
(12,  11, 'hey nice post',  38, 'App\\Service', '2018-02-13 09:23:04',  '2018-02-13 09:23:04'),
(13,  8,  'hey nice works there', 3,  'App\\Service', '2018-03-19 15:51:59',  '2018-03-19 15:51:59'),
(14,  8,  'a simple comment', 1,  'App\\Service', '2018-03-21 22:03:50',  '2018-03-21 22:03:50');

DROP TABLE IF EXISTS `locations`;
CREATE TABLE `locations` (
  `id` int(10) NOT NULL AUTO_INCREMENT,
  `state_id` int(10) NOT NULL,
  `lga` text NOT NULL,
  PRIMARY KEY (`id`),
  KEY `state_id` (`state_id`),
  CONSTRAINT `FK` FOREIGN KEY (`state_id`) REFERENCES `states` (`id`) ON DELETE NO ACTION ON UPDATE NO ACTION
) ENGINE=InnoDB DEFAULT CHARSET=utf32 COMMENT='Local governments in Nigeria.';

INSERT INTO `locations` (`id`, `state_id`, `lga`) VALUES
(1, 1,  'Aba North'),
(2, 1,  'Aba South'),
(3, 1,  'Arochukwu'),
(4, 1,  'Bende'),
(5, 1,  'Ikwuano'),
(6, 1,  'Isiala Ngwa North'),
(7, 1,  'Isiala Ngwa South'),
(8, 1,  'Isuikwuato'),
(9, 1,  'Obi Ngwa'),
(10,  1,  'Ohafia'),
(11,  1,  'Osisioma'),
(12,  1,  'Ugwunagbo'),
(13,  1,  'Ukwa East'),
(14,  1,  'Ukwa West'),
(15,  1,  'Umuahia North'),
(16,  1,  'Umuahia South'),
(17,  1,  'Umu Nneochi'),
(18,  2,  'Demsa'),
(19,  2,  'Fufure'),
(20,  2,  'Ganye'),
(21,  2,  'Gayuk'),
(22,  2,  'Gombi'),
(23,  2,  'Grie'),
(24,  2,  'Hong'),
(25,  2,  'Jada'),
(26,  2,  'Larmurde'),
(27,  2,  'Madagali'),
(28,  2,  'Maiha'),
(29,  2,  'Mayo Belwa'),
(30,  2,  'Michika'),
(31,  2,  'Mubi North'),
(32,  2,  'Mubi South'),
(33,  2,  'Numan'),
(34,  2,  'Shelleng'),
(35,  2,  'Song'),
(36,  2,  'Toungo'),
(37,  2,  'Yola North'),
(38,  2,  'Yola South'),
(39,  3,  'Abak'),
(40,  3,  'Eastern Obolo'),
(41,  3,  'Eket'),
(42,  3,  'Esit Eket'),
(43,  3,  'Essien Udim'),
(44,  3,  'Etim Ekpo'),
(45,  3,  'Etinan'),
(46,  3,  'Ibeno'),
(47,  3,  'Ibesikpo Asutan'),
(48,  3,  'Ibiono-Ibom'),
(49,  3,  'Ika'),
(50,  3,  'Ikono'),
(51,  3,  'Ikot Abasi'),
(52,  3,  'Ikot Ekpene'),
(53,  3,  'Ini'),
(54,  3,  'Itu'),
(55,  3,  'Mbo'),
(56,  3,  'Mkpat-Enin'),
(57,  3,  'Nsit-Atai'),
(58,  3,  'Nsit-Ibom'),
(59,  3,  'Nsit-Ubium'),
(60,  3,  'Obot Akara'),
(61,  3,  'Okobo'),
(62,  3,  'Onna'),
(63,  3,  'Oron'),
(64,  3,  'Oruk Anam'),
(65,  3,  'Udung-Uko'),
(66,  3,  'Ukanafun'),
(67,  3,  'Uruan'),
(68,  3,  'Urue-Offong/Oruko'),
(69,  3,  'Uyo'),
(70,  4,  'Aguata'),
(71,  4,  'Anambra East'),
(72,  4,  'Anambra West'),
(73,  4,  'Anaocha'),
(74,  4,  'Awka North'),
(75,  4,  'Awka South'),
(76,  4,  'Ayamelum'),
(77,  4,  'Dunukofia'),
(78,  4,  'Ekwusigo'),
(79,  4,  'Idemili North'),
(80,  4,  'Idemili South'),
(81,  4,  'Ihiala'),
(82,  4,  'Njikoka'),
(83,  4,  'Nnewi North'),
(84,  4,  'Nnewi South'),
(85,  4,  'Ogbaru'),
(86,  4,  'Onitsha North'),
(87,  4,  'Onitsha South'),
(88,  4,  'Orumba North'),
(89,  4,  'Orumba South'),
(90,  4,  'Oyi'),
(91,  5,  'Alkaleri'),
(92,  5,  'Bauchi'),
(93,  5,  'Bogoro'),
(94,  5,  'Damban'),
(95,  5,  'Darazo'),
(96,  5,  'Dass'),
(97,  5,  'Gamawa'),
(98,  5,  'Ganjuwa'),
(99,  5,  'Giade'),
(100, 5,  'Itas/Gadau'),
(101, 5,  'Jama\'are'),
(102, 5,  'Katagum'),
(103, 5,  'Kirfi'),
(104, 5,  'Misau'),
(105, 5,  'Ningi'),
(106, 5,  'Shira'),
(107, 5,  'Tafawa Balewa'),
(108, 5,  'Toro'),
(109, 5,  'Warji'),
(110, 5,  'Zaki'),
(111, 6,  'Brass'),
(112, 6,  'Ekeremor'),
(113, 6,  'Kolokuma/Opokuma'),
(114, 6,  'Nembe'),
(115, 6,  'Ogbia'),
(116, 6,  'Sagbama'),
(117, 6,  'Southern Ijaw'),
(118, 6,  'Yenagoa'),
(119, 7,  'Agatu'),
(120, 7,  'Apa'),
(121, 7,  'Ado'),
(122, 7,  'Buruku'),
(123, 7,  'Gboko'),
(124, 7,  'Guma'),
(125, 7,  'Gwer East'),
(126, 7,  'Gwer West'),
(127, 7,  'Katsina-Ala'),
(128, 7,  'Konshisha'),
(129, 7,  'Kwande'),
(130, 7,  'Logo'),
(131, 7,  'Makurdi'),
(132, 7,  'Obi'),
(133, 7,  'Ogbadibo'),
(134, 7,  'Ohimini'),
(135, 7,  'Oju'),
(136, 7,  'Okpokwu'),
(137, 7,  'Oturkpo'),
(138, 7,  'Tarka'),
(139, 7,  'Ukum'),
(140, 7,  'Ushongo'),
(141, 7,  'Vandeikya'),
(142, 8,  'Abadam'),
(143, 8,  'Askira/Uba'),
(144, 8,  'Bama'),
(145, 8,  'Bayo'),
(146, 8,  'Biu'),
(147, 8,  'Chibok'),
(148, 8,  'Damboa'),
(149, 8,  'Dikwa'),
(150, 8,  'Gubio'),
(151, 8,  'Guzamala'),
(152, 8,  'Gwoza'),
(153, 8,  'Hawul'),
(154, 8,  'Jere'),
(155, 8,  'Kaga'),
(156, 8,  'Kala/Balge'),
(157, 8,  'Konduga'),
(158, 8,  'Kukawa'),
(159, 8,  'Kwaya Kusar'),
(160, 8,  'Mafa'),
(161, 8,  'Magumeri'),
(162, 8,  'Maiduguri'),
(163, 8,  'Marte'),
(164, 8,  'Mobbar'),
(165, 8,  'Monguno'),
(166, 8,  'Ngala'),
(167, 8,  'Nganzai'),
(168, 8,  'Shani'),
(169, 9,  'Abi'),
(170, 9,  'Akamkpa'),
(171, 9,  'Akpabuyo'),
(172, 9,  'Bakassi'),
(173, 9,  'Bekwarra'),
(174, 9,  'Biase'),
(175, 9,  'Boki'),
(176, 9,  'Calabar Municipal'),
(177, 9,  'Calabar South'),
(178, 9,  'Etung'),
(179, 9,  'Ikom'),
(180, 9,  'Obanliku'),
(181, 9,  'Obubra'),
(182, 9,  'Obudu'),
(183, 9,  'Odukpani'),
(184, 9,  'Ogoja'),
(185, 9,  'Yakuur'),
(186, 9,  'Yala'),
(187, 10, 'Aniocha North'),
(188, 10, 'Aniocha South'),
(189, 10, 'Bomadi'),
(190, 10, 'Burutu'),
(191, 10, 'Ethiope East'),
(192, 10, 'Ethiope West'),
(193, 10, 'Ika North East'),
(194, 10, 'Ika South'),
(195, 10, 'Isoko North'),
(196, 10, 'Isoko South'),
(197, 10, 'Ndokwa East'),
(198, 10, 'Ndokwa West'),
(199, 10, 'Okpe'),
(200, 10, 'Oshimili North'),
(201, 10, 'Oshimili South'),
(202, 10, 'Patani'),
(203, 10, 'Sapele, Delta'),
(204, 10, 'Udu'),
(205, 10, 'Ughelli North'),
(206, 10, 'Ughelli South'),
(207, 10, 'Ukwuani'),
(208, 10, 'Uvwie'),
(209, 10, 'Warri North'),
(210, 10, 'Warri South'),
(211, 10, 'Warri South West'),
(212, 11, 'Abakaliki'),
(213, 11, 'Afikpo North'),
(214, 11, 'Afikpo South'),
(215, 11, 'Ebonyi'),
(216, 11, 'Ezza North'),
(217, 11, 'Ezza South'),
(218, 11, 'Ikwo'),
(219, 11, 'Ishielu'),
(220, 11, 'Ivo'),
(221, 11, 'Izzi'),
(222, 11, 'Ohaozara'),
(223, 11, 'Ohaukwu'),
(224, 11, 'Onicha'),
(225, 12, 'Akoko-Edo'),
(226, 12, 'Egor'),
(227, 12, 'Esan Central'),
(228, 12, 'Esan North-East'),
(229, 12, 'Esan South-East'),
(230, 12, 'Esan West'),
(231, 12, 'Etsako Central'),
(232, 12, 'Etsako East'),
(233, 12, 'Etsako West'),
(234, 12, 'Igueben'),
(235, 12, 'Ikpoba Okha'),
(236, 12, 'Orhionmwon'),
(237, 12, 'Oredo'),
(238, 12, 'Ovia North-East'),
(239, 12, 'Ovia South-West'),
(240, 12, 'Owan East'),
(241, 12, 'Owan West'),
(242, 12, 'Uhunmwonde'),
(243, 13, 'Ado Ekiti'),
(244, 13, 'Efon'),
(245, 13, 'Ekiti East'),
(246, 13, 'Ekiti South-West'),
(247, 13, 'Ekiti West'),
(248, 13, 'Emure'),
(249, 13, 'Gbonyin'),
(250, 13, 'Ido Osi'),
(251, 13, 'Ijero'),
(252, 13, 'Ikere'),
(253, 13, 'Ikole'),
(254, 13, 'Ilejemeje'),
(255, 13, 'Irepodun/Ifelodun'),
(256, 13, 'Ise/Orun'),
(257, 13, 'Moba'),
(258, 13, 'Oye'),
(259, 14, 'Aninri'),
(260, 14, 'Awgu'),
(261, 14, 'Enugu East'),
(262, 14, 'Enugu North'),
(263, 14, 'Enugu South'),
(264, 14, 'Ezeagu'),
(265, 14, 'Igbo Etiti'),
(266, 14, 'Igbo Eze North'),
(267, 14, 'Igbo Eze South'),
(268, 14, 'Isi Uzo'),
(269, 14, 'Nkanu East'),
(270, 14, 'Nkanu West'),
(271, 14, 'Nsukka'),
(272, 14, 'Oji River'),
(273, 14, 'Udenu'),
(274, 14, 'Udi'),
(275, 14, 'Uzo Uwani'),
(276, 15, 'Abaji'),
(277, 15, 'Bwari'),
(278, 15, 'Gwagwalada'),
(279, 15, 'Kuje'),
(280, 15, 'Kwali'),
(281, 15, 'Municipal Area Council'),
(282, 16, 'Akko'),
(283, 16, 'Balanga'),
(284, 16, 'Billiri'),
(285, 16, 'Dukku'),
(286, 16, 'Funakaye'),
(287, 16, 'Gombe'),
(288, 16, 'Kaltungo'),
(289, 16, 'Kwami'),
(290, 16, 'Nafada'),
(291, 16, 'Shongom'),
(292, 16, 'Yamaltu/Deba'),
(293, 17, 'Aboh Mbaise'),
(294, 17, 'Ahiazu Mbaise'),
(295, 17, 'Ehime Mbano'),
(296, 17, 'Ezinihitte'),
(297, 17, 'Ideato North'),
(298, 17, 'Ideato South'),
(299, 17, 'Ihitte/Uboma'),
(300, 17, 'Ikeduru'),
(301, 17, 'Isiala Mbano'),
(302, 17, 'Isu'),
(303, 17, 'Mbaitoli'),
(304, 17, 'Ngor Okpala'),
(305, 17, 'Njaba'),
(306, 17, 'Nkwerre'),
(307, 17, 'Nwangele'),
(308, 17, 'Obowo'),
(309, 17, 'Oguta'),
(310, 17, 'Ohaji/Egbema'),
(311, 17, 'Okigwe'),
(312, 17, 'Orlu'),
(313, 17, 'Orsu'),
(314, 17, 'Oru East'),
(315, 17, 'Oru West'),
(316, 17, 'Owerri Municipal'),
(317, 17, 'Owerri North'),
(318, 17, 'Owerri West'),
(319, 17, 'Unuimo'),
(320, 18, 'Auyo'),
(321, 18, 'Babura'),
(322, 18, 'Biriniwa'),
(323, 18, 'Birnin Kudu'),
(324, 18, 'Buji'),
(325, 18, 'Dutse'),
(326, 18, 'Gagarawa'),
(327, 18, 'Garki'),
(328, 18, 'Gumel'),
(329, 18, 'Guri'),
(330, 18, 'Gwaram'),
(331, 18, 'Gwiwa'),
(332, 18, 'Hadejia'),
(333, 18, 'Jahun'),
(334, 18, 'Kafin Hausa'),
(335, 18, 'Kazaure'),
(336, 18, 'Kiri Kasama'),
(337, 18, 'Kiyawa'),
(338, 18, 'Kaugama'),
(339, 18, 'Maigatari'),
(340, 18, 'Malam Madori'),
(341, 18, 'Miga'),
(342, 18, 'Ringim'),
(343, 18, 'Roni'),
(344, 18, 'Sule Tankarkar'),
(345, 18, 'Taura'),
(346, 18, 'Yankwashi'),
(347, 19, 'Birnin Gwari'),
(348, 19, 'Chikun'),
(349, 19, 'Giwa'),
(350, 19, 'Igabi'),
(351, 19, 'Ikara'),
(352, 19, 'Jaba'),
(353, 19, 'Jema\'a'),
(354, 19, 'Kachia'),
(355, 19, 'Kaduna North'),
(356, 19, 'Kaduna South'),
(357, 19, 'Kagarko'),
(358, 19, 'Kajuru'),
(359, 19, 'Kaura'),
(360, 19, 'Kauru'),
(361, 19, 'Kubau'),
(362, 19, 'Kudan'),
(363, 19, 'Lere'),
(364, 19, 'Makarfi'),
(365, 19, 'Sabon Gari'),
(366, 19, 'Sanga'),
(367, 19, 'Soba'),
(368, 19, 'Zangon Kataf'),
(369, 19, 'Zaria'),
(370, 20, 'Ajingi'),
(371, 20, 'Albasu'),
(372, 20, 'Bagwai'),
(373, 20, 'Bebeji'),
(374, 20, 'Bichi'),
(375, 20, 'Bunkure'),
(376, 20, 'Dala'),
(377, 20, 'Dambatta'),
(378, 20, 'Dawakin Kudu'),
(379, 20, 'Dawakin Tofa'),
(380, 20, 'Doguwa'),
(381, 20, 'Fagge'),
(382, 20, 'Gabasawa'),
(383, 20, 'Garko'),
(384, 20, 'Garun Mallam'),
(385, 20, 'Gaya'),
(386, 20, 'Gezawa'),
(387, 20, 'Gwale'),
(388, 20, 'Gwarzo'),
(389, 20, 'Kabo'),
(390, 20, 'Kano Municipal'),
(391, 20, 'Karaye'),
(392, 20, 'Kibiya'),
(393, 20, 'Kiru'),
(394, 20, 'Kumbotso'),
(395, 20, 'Kunchi'),
(396, 20, 'Kura'),
(397, 20, 'Madobi'),
(398, 20, 'Makoda'),
(399, 20, 'Minjibir'),
(400, 20, 'Nasarawa'),
(401, 20, 'Rano'),
(402, 20, 'Rimin Gado'),
(403, 20, 'Rogo'),
(404, 20, 'Shanono'),
(405, 20, 'Sumaila'),
(406, 20, 'Takai'),
(407, 20, 'Tarauni'),
(408, 20, 'Tofa'),
(409, 20, 'Tsanyawa'),
(410, 20, 'Tudun Wada'),
(411, 20, 'Ungogo'),
(412, 20, 'Warawa'),
(413, 20, 'Wudil'),
(414, 21, 'Bakori'),
(415, 21, 'Batagarawa'),
(416, 21, 'Batsari'),
(417, 21, 'Baure'),
(418, 21, 'Bindawa'),
(419, 21, 'Charanchi'),
(420, 21, 'Dandume'),
(421, 21, 'Danja'),
(422, 21, 'Dan Musa'),
(423, 21, 'Daura'),
(424, 21, 'Dutsi'),
(425, 21, 'Dutsin Ma'),
(426, 21, 'Faskari'),
(427, 21, 'Funtua'),
(428, 21, 'Ingawa'),
(429, 21, 'Jibia'),
(430, 21, 'Kafur'),
(431, 21, 'Kaita'),
(432, 21, 'Kankara'),
(433, 21, 'Kankia'),
(434, 21, 'Katsina'),
(435, 21, 'Kurfi'),
(436, 21, 'Kusada'),
(437, 21, 'Mai\'Adua'),
(438, 21, 'Malumfashi'),
(439, 21, 'Mani'),
(440, 21, 'Mashi'),
(441, 21, 'Matazu'),
(442, 21, 'Musawa'),
(443, 21, 'Rimi'),
(444, 21, 'Sabuwa'),
(445, 21, 'Safana'),
(446, 21, 'Sandamu'),
(447, 21, 'Zango'),
(448, 22, 'Aleiro'),
(449, 22, 'Arewa Dandi'),
(450, 22, 'Argungu'),
(451, 22, 'Augie'),
(452, 22, 'Bagudo'),
(453, 22, 'Birnin Kebbi'),
(454, 22, 'Bunza'),
(455, 22, 'Dandi'),
(456, 22, 'Fakai'),
(457, 22, 'Gwandu'),
(458, 22, 'Jega'),
(459, 22, 'Kalgo'),
(460, 22, 'Koko/Besse'),
(461, 22, 'Maiyama'),
(462, 22, 'Ngaski'),
(463, 22, 'Sakaba'),
(464, 22, 'Shanga'),
(465, 22, 'Suru'),
(466, 22, 'Wasagu/Danko'),
(467, 22, 'Yauri'),
(468, 22, 'Zuru'),
(469, 23, 'Adavi'),
(470, 23, 'Ajaokuta'),
(471, 23, 'Ankpa'),
(472, 23, 'Bassa'),
(473, 23, 'Dekina'),
(474, 23, 'Ibaji'),
(475, 23, 'Idah'),
(476, 23, 'Igalamela Odolu'),
(477, 23, 'Ijumu'),
(478, 23, 'Kabba/Bunu'),
(479, 23, 'Kogi'),
(480, 23, 'Lokoja'),
(481, 23, 'Mopa Muro'),
(482, 23, 'Ofu'),
(483, 23, 'Ogori/Magongo'),
(484, 23, 'Okehi'),
(485, 23, 'Okene'),
(486, 23, 'Olamaboro'),
(487, 23, 'Omala'),
(488, 23, 'Yagba East'),
(489, 23, 'Yagba West'),
(490, 24, 'Asa'),
(491, 24, 'Baruten'),
(492, 24, 'Edu'),
(493, 24, 'Ekiti, Kwara State'),
(494, 24, 'Ifelodun'),
(495, 24, 'Ilorin East'),
(496, 24, 'Ilorin South'),
(497, 24, 'Ilorin West'),
(498, 24, 'Irepodun'),
(499, 24, 'Isin'),
(500, 24, 'Kaiama'),
(501, 24, 'Moro'),
(502, 24, 'Offa'),
(503, 24, 'Oke Ero'),
(504, 24, 'Oyun'),
(505, 24, 'Pategi'),
(506, 25, 'Agege'),
(507, 25, 'Ajeromi-Ifelodun'),
(508, 25, 'Alimosho'),
(509, 25, 'Amuwo-Odofin'),
(510, 25, 'Apapa'),
(511, 25, 'Badagry'),
(512, 25, 'Epe'),
(513, 25, 'Eti Osa'),
(514, 25, 'Ibeju-Lekki'),
(515, 25, 'Ifako-Ijaiye'),
(516, 25, 'Ikeja'),
(517, 25, 'Ikorodu'),
(518, 25, 'Kosofe'),
(519, 25, 'Lagos Island'),
(520, 25, 'Lagos Mainland'),
(521, 25, 'Mushin'),
(522, 25, 'Ojo'),
(523, 25, 'Oshodi-Isolo'),
(524, 25, 'Shomolu'),
(525, 25, 'Surulere, Lagos State'),
(526, 26, 'Akwanga'),
(527, 26, 'Awe'),
(528, 26, 'Doma'),
(529, 26, 'Karu'),
(530, 26, 'Keana'),
(531, 26, 'Keffi'),
(532, 26, 'Kokona'),
(533, 26, 'Lafia'),
(534, 26, 'Nasarawa'),
(535, 26, 'Nasarawa Egon'),
(536, 26, 'Obi'),
(537, 26, 'Toto'),
(538, 26, 'Wamba'),
(539, 27, 'Agaie'),
(540, 27, 'Agwara'),
(541, 27, 'Bida'),
(542, 27, 'Borgu'),
(543, 27, 'Bosso'),
(544, 27, 'Chanchaga'),
(545, 27, 'Edati'),
(546, 27, 'Gbako'),
(547, 27, 'Gurara'),
(548, 27, 'Katcha'),
(549, 27, 'Kontagora'),
(550, 27, 'Lapai'),
(551, 27, 'Lavun'),
(552, 27, 'Magama'),
(553, 27, 'Mariga'),
(554, 27, 'Mashegu'),
(555, 27, 'Mokwa'),
(556, 27, 'Moya'),
(557, 27, 'Paikoro'),
(558, 27, 'Rafi'),
(559, 27, 'Rijau'),
(560, 27, 'Shiroro'),
(561, 27, 'Suleja'),
(562, 27, 'Tafa'),
(563, 27, 'Wushishi'),
(564, 28, 'Abeokuta North'),
(565, 28, 'Abeokuta South'),
(566, 28, 'Ado-Odo/Ota'),
(567, 28, 'Egbado North'),
(568, 28, 'Egbado South'),
(569, 28, 'Ewekoro'),
(570, 28, 'Ifo'),
(571, 28, 'Ijebu East'),
(572, 28, 'Ijebu North'),
(573, 28, 'Ijebu North East'),
(574, 28, 'Ijebu Ode'),
(575, 28, 'Ikenne'),
(576, 28, 'Imeko Afon'),
(577, 28, 'Ipokia'),
(578, 28, 'Obafemi Owode'),
(579, 28, 'Odeda'),
(580, 28, 'Odogbolu'),
(581, 28, 'Ogun Waterside'),
(582, 28, 'Remo North'),
(583, 28, 'Shagamu'),
(584, 29, 'Akoko North-East'),
(585, 29, 'Akoko North-West'),
(586, 29, 'Akoko South-West'),
(587, 29, 'Akoko South-East'),
(588, 29, 'Akure North'),
(589, 29, 'Akure South'),
(590, 29, 'Ese Odo'),
(591, 29, 'Idanre'),
(592, 29, 'Ifedore'),
(593, 29, 'Ilaje'),
(594, 29, 'Ile Oluji/Okeigbo'),
(595, 29, 'Irele'),
(596, 29, 'Odigbo'),
(597, 29, 'Okitipupa'),
(598, 29, 'Ondo East'),
(599, 29, 'Ondo West'),
(600, 29, 'Ose'),
(601, 29, 'Owo'),
(602, 30, 'Atakunmosa East'),
(603, 30, 'Atakunmosa West'),
(604, 30, 'Aiyedaade'),
(605, 30, 'Aiyedire'),
(606, 30, 'Boluwaduro'),
(607, 30, 'Boripe'),
(608, 30, 'Ede North'),
(609, 30, 'Ede South'),
(610, 30, 'Ife Central'),
(611, 30, 'Ife East'),
(612, 30, 'Ife North'),
(613, 30, 'Ife South'),
(614, 30, 'Egbedore'),
(615, 30, 'Ejigbo'),
(616, 30, 'Ifedayo'),
(617, 30, 'Ifelodun'),
(618, 30, 'Ila'),
(619, 30, 'Ilesa East'),
(620, 30, 'Ilesa West'),
(621, 30, 'Irepodun'),
(622, 30, 'Irewole'),
(623, 30, 'Isokan'),
(624, 30, 'Iwo'),
(625, 30, 'Obokun'),
(626, 30, 'Odo Otin'),
(627, 30, 'Ola Oluwa'),
(628, 30, 'Olorunda'),
(629, 30, 'Oriade'),
(630, 30, 'Orolu'),
(631, 30, 'Osogbo'),
(632, 31, 'Afijio'),
(633, 31, 'Akinyele'),
(634, 31, 'Atiba'),
(635, 31, 'Atisbo'),
(636, 31, 'Egbeda'),
(637, 31, 'Ibadan North'),
(638, 31, 'Ibadan North-East'),
(639, 31, 'Ibadan North-West'),
(640, 31, 'Ibadan South-East'),
(641, 31, 'Ibadan South-West'),
(642, 31, 'Ibarapa Central'),
(643, 31, 'Ibarapa East'),
(644, 31, 'Ibarapa North'),
(645, 31, 'Ido'),
(646, 31, 'Irepo'),
(647, 31, 'Iseyin'),
(648, 31, 'Itesiwaju'),
(649, 31, 'Iwajowa'),
(650, 31, 'Kajola'),
(651, 31, 'Lagelu'),
(652, 31, 'Ogbomosho North'),
(653, 31, 'Ogbomosho South'),
(654, 31, 'Ogo Oluwa'),
(655, 31, 'Olorunsogo'),
(656, 31, 'Oluyole'),
(657, 31, 'Ona Ara'),
(658, 31, 'Orelope'),
(659, 31, 'Ori Ire'),
(660, 31, 'Oyo'),
(661, 31, 'Oyo East'),
(662, 31, 'Saki East'),
(663, 31, 'Saki West'),
(664, 31, 'Surulere, Oyo State'),
(665, 32, 'Bokkos'),
(666, 32, 'Barkin Ladi'),
(667, 32, 'Bassa'),
(668, 32, 'Jos East'),
(669, 32, 'Jos North'),
(670, 32, 'Jos South'),
(671, 32, 'Kanam'),
(672, 32, 'Kanke'),
(673, 32, 'Langtang South'),
(674, 32, 'Langtang North'),
(675, 32, 'Mangu'),
(676, 32, 'Mikang'),
(677, 32, 'Pankshin'),
(678, 32, 'Qua\'an Pan'),
(679, 32, 'Riyom'),
(680, 32, 'Shendam'),
(681, 32, 'Wase'),
(682, 33, 'Abua/Odual'),
(683, 33, 'Ahoada East'),
(684, 33, 'Ahoada West'),
(685, 33, 'Akuku-Toru'),
(686, 33, 'Andoni'),
(687, 33, 'Asari-Toru'),
(688, 33, 'Bonny'),
(689, 33, 'Degema'),
(690, 33, 'Eleme'),
(691, 33, 'Emuoha'),
(692, 33, 'Etche'),
(693, 33, 'Gokana'),
(694, 33, 'Ikwerre'),
(695, 33, 'Khana'),
(696, 33, 'Obio/Akpor'),
(697, 33, 'Ogba/Egbema/Ndoni'),
(698, 33, 'Ogu/Bolo'),
(699, 33, 'Okrika'),
(700, 33, 'Omuma'),
(701, 33, 'Opobo/Nkoro'),
(702, 33, 'Oyigbo'),
(703, 33, 'Port Harcourt'),
(704, 33, 'Tai'),
(705, 34, 'Binji'),
(706, 34, 'Bodinga'),
(707, 34, 'Dange Shuni'),
(708, 34, 'Gada'),
(709, 34, 'Goronyo'),
(710, 34, 'Gudu'),
(711, 34, 'Gwadabawa'),
(712, 34, 'Illela'),
(713, 34, 'Isa'),
(714, 34, 'Kebbe'),
(715, 34, 'Kware'),
(716, 34, 'Rabah'),
(717, 34, 'Sabon Birni'),
(718, 34, 'Shagari'),
(719, 34, 'Silame'),
(720, 34, 'Sokoto North'),
(721, 34, 'Sokoto South'),
(722, 34, 'Tambuwal'),
(723, 34, 'Tangaza'),
(724, 34, 'Tureta'),
(725, 34, 'Wamako'),
(726, 34, 'Wurno'),
(727, 34, 'Yabo'),
(728, 35, 'Ardo Kola'),
(729, 35, 'Bali'),
(730, 35, 'Donga'),
(731, 35, 'Gashaka'),
(732, 35, 'Gassol'),
(733, 35, 'Ibi'),
(734, 35, 'Jalingo'),
(735, 35, 'Karim Lamido'),
(736, 35, 'Kumi'),
(737, 35, 'Lau'),
(738, 35, 'Sardauna'),
(739, 35, 'Takum'),
(740, 35, 'Ussa'),
(741, 35, 'Wukari'),
(742, 35, 'Yorro'),
(743, 35, 'Zing'),
(744, 36, 'Bade'),
(745, 36, 'Bursari'),
(746, 36, 'Damaturu'),
(747, 36, 'Fika'),
(748, 36, 'Fune'),
(749, 36, 'Geidam'),
(750, 36, 'Gujba'),
(751, 36, 'Gulani'),
(752, 36, 'Jakusko'),
(753, 36, 'Karasuwa'),
(754, 36, 'Machina'),
(755, 36, 'Nangere'),
(756, 36, 'Nguru'),
(757, 36, 'Potiskum'),
(758, 36, 'Tarmuwa'),
(759, 36, 'Yunusari'),
(760, 36, 'Yusufari'),
(761, 37, 'Anka'),
(762, 37, 'Bakura'),
(763, 37, 'Birnin Magaji/Kiyaw'),
(764, 37, 'Bukkuyum'),
(765, 37, 'Bungudu'),
(766, 37, 'Gummi'),
(767, 37, 'Gusau'),
(768, 37, 'Kaura Namoda'),
(769, 37, 'Maradun'),
(770, 37, 'Maru'),
(771, 37, 'Shinkafi'),
(772, 37, 'Talata Mafara'),
(773, 37, 'Chafe'),
(774, 37, 'Zurmi');

DROP TABLE IF EXISTS `migrations`;
CREATE TABLE `migrations` (
  `id` int(10) unsigned NOT NULL AUTO_INCREMENT,
  `migration` varchar(255) COLLATE utf8mb4_unicode_ci NOT NULL,
  `batch` int(11) NOT NULL,
  PRIMARY KEY (`id`)
) ENGINE=InnoDB DEFAULT CHARSET=utf8mb4 COLLATE=utf8mb4_unicode_ci;

INSERT INTO `migrations` (`id`, `migration`, `batch`) VALUES
(1, '2017_08_21_062949_create_states_table',  1),
(2, '2017_08_21_063013_create_locations_table', 1),
(3, '2017_08_21_063037_create_categories_table',  1),
(4, '2017_08_21_063357_create_subcategories_table', 1),
(7, '2017_08_21_063759_create_users_table', 2),
(10,  '2017_08_21_063504_create_services_table',  3),
(11,  '2017_10_05_124212_create_social_accounts_table', 4),
(12,  '2017_12_01_234009_create_socials_table', 5),
(13,  '2018_02_04_042433_create_comments_table',  6),
(14,  '2018_02_07_144530_create_tokens_table',  7),
(15,  '2018_02_12_155401_create_agents_table',  8),
(16,  '2018_03_15_071251_create_products_table',  9);

DROP TABLE IF EXISTS `plans`;
CREATE TABLE `plans` (
  `id` int(11) unsigned NOT NULL AUTO_INCREMENT,
  `plan` varchar(100) NOT NULL,
  `price` int(10) NOT NULL,
  `listing` int(4) NOT NULL,
  `desc` text NOT NULL,
  `slug` varchar(100) DEFAULT NULL,
  `created_at` timestamp NULL DEFAULT NULL,
  `updated_at` timestamp NULL DEFAULT NULL,
  PRIMARY KEY (`id`)
) ENGINE=InnoDB DEFAULT CHARSET=latin1;

INSERT INTO `plans` (`id`, `plan`, `price`, `listing`, `desc`, `slug`, `created_at`, `updated_at`) VALUES
(1, 'Basic',  1000, 5,  'Basic Details',  'basic',  '2017-12-13 03:14:13',  '2017-12-13 03:14:13'),
(2, 'Pro',  5000, 20, 'Pro Details',  'pro',  '2017-12-13 03:15:29',  '2017-12-13 03:15:29'),
(3, 'Gold', 10000,  25, 'Gold Desc',  'gold', '2017-12-13 03:16:01',  '2017-12-13 03:16:01');

DROP TABLE IF EXISTS `requests`;
CREATE TABLE `requests` (
  `id` int(11) NOT NULL AUTO_INCREMENT,
  `user_id` int(11) unsigned NOT NULL,
  `title` varchar(255) NOT NULL,
  `category_id` int(11) NOT NULL,
  `sub_category_id` int(11) NOT NULL,
  `state_id` int(10) NOT NULL,
  `location_id` int(10) NOT NULL,
  `description` text DEFAULT NULL,
  `image` text DEFAULT NULL,
  `hash` varchar(100) DEFAULT NULL,
  `priority` varchar(100) NOT NULL,
  `shortUrl` varchar(100) DEFAULT NULL,
  `sms_sent_to` text DEFAULT NULL,
  `sms_status` int(11) DEFAULT NULL,
  `created_at` timestamp NULL DEFAULT NULL,
  `updated_at` timestamp NULL DEFAULT NULL,
  PRIMARY KEY (`id`),
  KEY `location_id` (`location_id`),
  KEY `state_id` (`state_id`),
  CONSTRAINT `requests_ibfk_5` FOREIGN KEY (`location_id`) REFERENCES `locations` (`id`) ON DELETE CASCADE,
  CONSTRAINT `requests_ibfk_6` FOREIGN KEY (`state_id`) REFERENCES `states` (`id`) ON DELETE CASCADE
) ENGINE=InnoDB DEFAULT CHARSET=latin1;

INSERT INTO `requests` (`id`, `user_id`, `title`, `category_id`, `sub_category_id`, `state_id`, `location_id`, `description`, `image`, `hash`, `priority`, `shortUrl`, `sms_sent_to`, `sms_status`, `created_at`, `updated_at`) VALUES
(4, 1,  'kifbvia',  8,  22, 7,  126,  'sheyyyyyyyyyy',  NULL, '5nlbHYbnLuWUZyqtiCbhJouPJ',  'Medium', NULL, NULL, NULL, '2018-01-28 17:19:22',  '2018-01-28 17:19:22'),
(5, 1,  'sdfsdf', 10, 14, 11, 212,  'sdfsvsdsdv', NULL, 'drhRfHTTHuglv5hZafr1OjDva',  'Medium', NULL, NULL, NULL, '2018-01-28 22:28:41',  '2018-01-28 22:28:41'),
(6, 1,  'sds',  10, 14, 14, 259,  '<p>some details of my&nbsp;<span style=\"background-color: rgb(255, 230, 148);\"> request</span>&nbsp;for you to see i\'m not joking .. oya take the _like_</p><p></p><ul><li>some code</li><li>more code</li><li>some more code</li></ul><ol><li>asin</li><li>i mean asin</li><li>i meant to say <strong style=\"background-color: rgb(222, 21, 111);\">asin</strong></li></ol><p></p>',  NULL, 'NE0PSc7TbTIQwyTrEBW3jbC3q',  'Medium', NULL, NULL, NULL, '2018-02-09 11:04:26',  '2018-02-09 11:04:26'),
(7, 1,  'asfsa',  1,  1,  16, 282,  '<p>some details of my&nbsp;<span style=\"background-color: rgb(255, 230, 148);\"> request</span>&nbsp;for you to see i\'m not joking .. oya take the _like_</p><p></p><ul><li>some code</li><li>more code</li><li>some more code</li></ul><ol><li>asin</li><li>i mean asin</li><li>i meant to say <strong style=\"background-color: rgb(222, 21, 111);\">asin</strong></li></ol><p></p>',  NULL, '8sCnpLeekOCmM1DMeuG5wDMeB',  'Medium', NULL, NULL, NULL, '2018-02-09 11:33:45',  '2018-02-09 11:33:45');

DROP TABLE IF EXISTS `services`;
CREATE TABLE `services` (
  `id` int(10) unsigned NOT NULL AUTO_INCREMENT,
  `title` varchar(255) COLLATE utf8mb4_unicode_ci DEFAULT NULL,
  `user_id` int(10) unsigned DEFAULT NULL,
  `category_id` int(10) unsigned DEFAULT 4,
  `sub_category_id` int(10) unsigned DEFAULT 4,
  `state_id` int(10) unsigned DEFAULT NULL,
  `location_id` int(10) unsigned DEFAULT NULL,
  `description` text COLLATE utf8mb4_unicode_ci DEFAULT NULL,
  `price` varchar(100) COLLATE utf8mb4_unicode_ci DEFAULT NULL,
  `image` text COLLATE utf8mb4_unicode_ci DEFAULT NULL,
  `slug` varchar(255) COLLATE utf8mb4_unicode_ci DEFAULT NULL,
  `status` enum('0','1') COLLATE utf8mb4_unicode_ci DEFAULT '1',
  `priority` char(1) COLLATE utf8mb4_unicode_ci DEFAULT NULL,
  `type` char(1) COLLATE utf8mb4_unicode_ci DEFAULT NULL,
  `created_at` timestamp NULL DEFAULT NULL,
  `updated_at` timestamp NULL DEFAULT NULL,
  PRIMARY KEY (`id`)
) ENGINE=InnoDB DEFAULT CHARSET=utf8mb4 COLLATE=utf8mb4_unicode_ci;

INSERT INTO `services` (`id`, `title`, `user_id`, `category_id`, `sub_category_id`, `state_id`, `location_id`, `description`, `price`, `image`, `slug`, `status`, `priority`, `type`, `created_at`, `updated_at`) VALUES
(1, 'A new Product',  8,  7,  30, 15, 278,  'a cv template for you to use easily for all ur template needs. nice and easy', '20000',  '{\"public_id\":\"citi\\/fjf7gem9j61udtgehh8c\",\"version\":1521477684,\"signature\":\"2511b66326c1c555c4eb8f04a5a972399eddc6ba\",\"width\":707,\"height\":1000,\"format\":\"webp\",\"resource_type\":\"image\",\"created_at\":\"2018-03-19T16:41:24Z\",\"tags\":[],\"pages\":1,\"bytes\":17680,\"type\":\"upload\",\"etag\":\"7b2fe316cf2e9427e305a67dcb2f589b\",\"placeholder\":false,\"url\":\"http:\\/\\/res.cloudinary.com\\/citieclik\\/image\\/upload\\/v1521477684\\/citi\\/fjf7gem9j61udtgehh8c.webp\",\"secure_url\":\"https:\\/\\/res.cloudinary.com\\/citieclik\\/image\\/upload\\/v1521477684\\/citi\\/fjf7gem9j61udtgehh8c.webp\",\"original_filename\":\"php2D30\",\"original_extension\":\"tmp\"}', 'a-new-product',  '1',  NULL, 'p',  '2018-03-19 15:39:30',  '2018-03-21 22:48:15'),
(2, 'Summer Note',  8,  1,  1,  16, 282,  'xbnxbxsgnsg&nbsp; thet&nbsp; rwth',  '20000',  NULL, 'summer-note',  '1',  NULL, 's',  '2018-03-19 15:47:28',  '2018-03-19 15:47:28'),
(3, 'my service title', 8,  1,  1,  14, 271,  'okay i get you ...', NULL, '{\"public_id\":\"citi\\/jiqaz0fwh4blztbtuqps\",\"version\":1521478259,\"signature\":\"bf7104011b57295b63effe4e86b0583925870c18\",\"width\":141,\"height\":200,\"format\":\"webp\",\"resource_type\":\"image\",\"created_at\":\"2018-03-19T16:50:59Z\",\"tags\":[],\"pages\":1,\"bytes\":1252,\"type\":\"upload\",\"etag\":\"6968017fc9c321598e9da3ad8fc17074\",\"placeholder\":false,\"url\":\"http:\\/\\/res.cloudinary.com\\/citieclik\\/image\\/upload\\/v1521478259\\/citi\\/jiqaz0fwh4blztbtuqps.webp\",\"secure_url\":\"https:\\/\\/res.cloudinary.com\\/citieclik\\/image\\/upload\\/v1521478259\\/citi\\/jiqaz0fwh4blztbtuqps.webp\",\"original_filename\":\"php392D\",\"original_extension\":\"tmp\"}', 'my-service-title', '1',  NULL, 'p',  '2018-03-19 15:49:04',  '2018-03-21 22:40:36'),
(4, 'Black Soap Spot reover', 8,  1,  81, 10, 190,  'a black soap to remove all your spots and rashes...',  '2000', NULL, 'black-soap-spot-reover', '1',  NULL, 'p',  '2018-03-21 22:09:28',  '2018-03-21 22:09:28');

DROP TABLE IF EXISTS `settings`;
CREATE TABLE `settings` (
  `sms_api_username` varchar(100) NOT NULL,
  `sms_api_password` varchar(100) NOT NULL,
  `id` int(11) NOT NULL DEFAULT 123
) ENGINE=InnoDB DEFAULT CHARSET=latin1;

INSERT INTO `settings` (`sms_api_username`, `sms_api_password`, `id`) VALUES
('dredsn@gmail.com',  'believe@#%', 123);

DROP TABLE IF EXISTS `socials`;
CREATE TABLE `socials` (
  `id` int(10) unsigned NOT NULL AUTO_INCREMENT,
  `user_id` int(10) unsigned NOT NULL,
  `social_id` varchar(255) COLLATE utf8mb4_unicode_ci NOT NULL,
  `service` varchar(255) COLLATE utf8mb4_unicode_ci NOT NULL,
  `created_at` timestamp NULL DEFAULT NULL,
  `updated_at` timestamp NULL DEFAULT NULL,
  PRIMARY KEY (`id`),
  KEY `service_id` (`social_id`),
  KEY `user_id` (`user_id`),
  CONSTRAINT `socials_ibfk_1` FOREIGN KEY (`user_id`) REFERENCES `users` (`id`) ON DELETE CASCADE
) ENGINE=InnoDB DEFAULT CHARSET=utf8mb4 COLLATE=utf8mb4_unicode_ci COMMENT='Social Login Credentials';

INSERT INTO `socials` (`id`, `user_id`, `social_id`, `service`, `created_at`, `updated_at`) VALUES
(1, 6,  '1609100312446644', 'facebook', '2017-12-28 15:36:11',  '2017-12-28 15:36:11');

DROP TABLE IF EXISTS `states`;
CREATE TABLE `states` (
  `id` int(10) NOT NULL,
  `state` text NOT NULL,
  PRIMARY KEY (`id`)
) ENGINE=InnoDB DEFAULT CHARSET=utf32 COMMENT='States in Nigeria.';

INSERT INTO `states` (`id`, `state`) VALUES
(1, 'Abia State'),
(2, 'Adamawa State'),
(3, 'Akwa Ibom State'),
(4, 'Anambra State'),
(5, 'Bauchi State'),
(6, 'Bayelsa State'),
(7, 'Benue State'),
(8, 'Borno State'),
(9, 'Cross River State'),
(10,  'Delta State'),
(11,  'Ebonyi State'),
(12,  'Edo State'),
(13,  'Ekiti State'),
(14,  'Enugu State'),
(15,  'FCT'),
(16,  'Gombe State'),
(17,  'Imo State'),
(18,  'Jigawa State'),
(19,  'Kaduna State'),
(20,  'Kano State'),
(21,  'Katsina State'),
(22,  'Kebbi State'),
(23,  'Kogi State'),
(24,  'Kwara State'),
(25,  'Lagos State'),
(26,  'Nasarawa State'),
(27,  'Niger State'),
(28,  'Ogun State'),
(29,  'Ondo State'),
(30,  'Osun State'),
(31,  'Oyo State'),
(32,  'Plateau State'),
(33,  'Rivers State'),
(34,  'Sokoto State'),
(35,  'Taraba State'),
(36,  'Yobe State'),
(37,  'Zamfara State');

DROP TABLE IF EXISTS `subcategories`;
CREATE TABLE `subcategories` (
  `id` int(10) unsigned NOT NULL AUTO_INCREMENT,
  `category_id` int(10) unsigned NOT NULL,
  `sub_category` varchar(255) COLLATE utf8mb4_unicode_ci NOT NULL,
  `created_at` timestamp NULL DEFAULT NULL,
  `updated_at` timestamp NULL DEFAULT NULL,
  `slug` varchar(255) COLLATE utf8mb4_unicode_ci DEFAULT NULL,
  PRIMARY KEY (`id`)
) ENGINE=InnoDB DEFAULT CHARSET=utf8mb4 COLLATE=utf8mb4_unicode_ci;

INSERT INTO `subcategories` (`id`, `category_id`, `sub_category`, `created_at`, `updated_at`, `slug`) VALUES
(1, 1,  'Nail Fixing',  NULL, NULL, 'nail-fixing'),
(2, 2,  'Bicycle',  NULL, NULL, 'bicycle'),
(3, 3,  'Shoki Dance',  NULL, NULL, 'shoki-dance'),
(4, 1,  'Another Sub Cat',  NULL, NULL, 'another-sub-cat'),
(5, 11, 'Ipsum.', '2017-09-22 08:48:28',  '2017-09-22 08:48:28',  'ipsum'),
(6, 7,  'Aut.', '2017-09-22 08:48:28',  '2017-09-22 08:48:28',  'aut'),
(7, 9,  'Ex fugit.',  '2017-09-22 08:48:28',  '2017-09-22 08:48:28',  'ex-fugit'),
(8, 3,  'Et iste.', '2017-09-22 08:48:28',  '2017-09-22 08:48:28',  'et-iste'),
(9, 1,  'Iusto.', '2017-09-22 08:48:28',  '2017-09-22 08:48:28',  'iusto'),
(10,  1,  'Nesciunt.',  '2017-09-22 08:48:28',  '2017-09-22 08:48:28',  'nesciunt'),
(11,  1,  'Sint.',  '2017-09-22 08:48:28',  '2017-09-22 08:48:28',  'sint'),
(12,  2,  'Libero.',  '2017-09-22 08:48:28',  '2017-09-22 08:48:28',  'libero'),
(13,  7,  'Beatae.',  '2017-09-22 08:48:28',  '2017-09-22 08:48:28',  'beatae'),
(14,  10, 'At.',  '2017-09-22 08:48:28',  '2017-09-22 08:48:28',  'at'),
(15,  10, 'Et.',  '2017-09-22 08:48:28',  '2017-09-22 08:48:28',  'et'),
(16,  2,  'Ullam.', '2017-09-22 08:48:28',  '2017-09-22 08:48:28',  'ullam'),
(17,  10, 'Ad est.',  '2017-09-22 08:48:28',  '2017-09-22 08:48:28',  'ad-est'),
(18,  7,  'Quae.',  '2017-09-22 08:48:28',  '2017-09-22 08:48:28',  'quae'),
(19,  11, 'Sit sed.', '2017-09-22 08:48:28',  '2017-09-22 08:48:28',  'sit-sed'),
(20,  7,  'Qui.', '2017-09-22 08:48:29',  '2017-09-22 08:48:29',  'qui'),
(21,  10, 'Possimus.',  '2017-09-22 08:48:29',  '2017-09-22 08:48:29',  'possimus'),
(22,  8,  'Nihil et.',  '2017-09-22 08:48:29',  '2017-09-22 08:48:29',  'nihil-et'),
(23,  6,  'Repellat.',  '2017-09-22 08:48:29',  '2017-09-22 08:48:29',  'repellat'),
(24,  9,  'Est ut.',  '2017-09-22 08:48:29',  '2017-09-22 08:48:29',  'est-ut'),
(25,  6,  'Quisquam.',  '2017-09-22 08:48:29',  '2017-09-22 08:48:29',  'quisquam'),
(26,  6,  'At.',  '2017-09-22 08:48:29',  '2017-09-22 08:48:29',  'at'),
(27,  10, 'Totam.', '2017-09-22 08:48:29',  '2017-09-22 08:48:29',  'totam'),
(28,  1,  'Dolorum.', '2017-09-22 08:48:29',  '2017-09-22 08:48:29',  'dolorum'),
(29,  5,  'Et.',  '2017-09-22 08:48:29',  '2017-09-22 08:48:29',  'et'),
(30,  7,  'Sequi.', '2017-09-22 08:48:29',  '2017-09-22 08:48:29',  'sequi'),
(31,  2,  'Et sunt.', '2017-09-22 08:48:29',  '2017-09-22 08:48:29',  'et-sunt'),
(32,  10, 'Error ut.',  '2017-09-22 08:48:29',  '2017-09-22 08:48:29',  'error-ut'),
(33,  1,  'Quo.', '2017-09-22 08:48:29',  '2017-09-22 08:48:29',  'quo'),
(34,  4,  'Neque.', '2017-09-22 08:48:29',  '2017-09-22 08:48:29',  'neque'),
(35,  11, 'Et.',  '2017-09-22 08:48:29',  '2017-09-22 08:48:29',  'et'),
(36,  7,  'Dolores.', '2017-09-22 08:48:29',  '2017-09-22 08:48:29',  'dolores'),
(37,  2,  'Ipsam.', '2017-09-22 08:48:29',  '2017-09-22 08:48:29',  'ipsam'),
(38,  4,  'Incidunt.',  '2017-09-22 08:48:29',  '2017-09-22 08:48:29',  'incidunt'),
(39,  3,  'Ipsa.',  '2017-09-22 08:48:29',  '2017-09-22 08:48:29',  'ipsa'),
(40,  10, 'Nobis.', '2017-09-22 08:48:29',  '2017-09-22 08:48:29',  'nobis'),
(41,  6,  'Autem.', '2017-09-22 08:48:29',  '2017-09-22 08:48:29',  'autem'),
(42,  10, 'Dolor.', '2017-09-22 08:48:29',  '2017-09-22 08:48:29',  'dolor'),
(43,  3,  'Fugit.', '2017-09-22 08:48:30',  '2017-09-22 08:48:30',  'fugit'),
(44,  11, 'Odit.',  '2017-09-22 08:48:30',  '2017-09-22 08:48:30',  'odit'),
(45,  9,  'Qui.', '2017-09-22 08:48:30',  '2017-09-22 08:48:30',  'qui'),
(46,  10, 'Illo.',  '2017-09-22 08:48:30',  '2017-09-22 08:48:30',  'illo'),
(47,  3,  'Facilis.', '2017-09-22 08:48:30',  '2017-09-22 08:48:30',  'facilis'),
(48,  4,  'Harum.', '2017-09-22 08:48:30',  '2017-09-22 08:48:30',  'harum'),
(49,  3,  'Quod aut.',  '2017-09-22 08:48:30',  '2017-09-22 08:48:30',  'quod-aut'),
(50,  5,  'Maxime.',  '2017-09-22 08:48:30',  '2017-09-22 08:48:30',  'maxime'),
(51,  9,  'Fugiat.',  '2017-09-22 08:48:30',  '2017-09-22 08:48:30',  'fugiat'),
(52,  10, 'Sunt aut.',  '2017-09-22 08:48:30',  '2017-09-22 08:48:30',  'sunt-aut'),
(53,  7,  'Adipisci.',  '2017-09-22 08:48:30',  '2017-09-22 08:48:30',  'adipisci'),
(54,  10, 'Maiores.', '2017-09-22 08:48:30',  '2017-09-22 08:48:30',  'maiores'),
(55,  8,  'Illum.', '2017-09-22 08:48:30',  '2017-09-22 08:48:30',  'illum'),
(56,  1,  'Enim.',  '2017-09-22 08:48:30',  '2017-09-22 08:48:30',  'enim'),
(57,  6,  'Non esse.',  '2017-09-22 08:48:30',  '2017-09-22 08:48:30',  'non-esse'),
(58,  4,  'Ipsum.', '2017-09-22 08:48:30',  '2017-09-22 08:48:30',  'ipsum'),
(59,  9,  'Alias.', '2017-09-22 08:48:30',  '2017-09-22 08:48:30',  'alias'),
(60,  5,  'Quo et.',  '2017-09-22 08:48:30',  '2017-09-22 08:48:30',  'quo-et'),
(61,  9,  'Voluptas.',  '2017-09-22 08:48:30',  '2017-09-22 08:48:30',  'voluptas'),
(62,  3,  'Eos vel.', '2017-09-22 08:48:30',  '2017-09-22 08:48:30',  'eos-vel'),
(63,  2,  'Porro.', '2017-09-22 08:48:30',  '2017-09-22 08:48:30',  'porro'),
(64,  5,  'Aut.', '2017-09-22 08:48:30',  '2017-09-22 08:48:30',  'aut'),
(65,  2,  'Dolorem.', '2017-09-22 08:48:30',  '2017-09-22 08:48:30',  'dolorem'),
(66,  8,  'Autem.', '2017-09-22 08:48:30',  '2017-09-22 08:48:30',  'autem'),
(67,  8,  'Sapiente.',  '2017-09-22 08:48:30',  '2017-09-22 08:48:30',  'sapiente'),
(68,  11, 'Aut.', '2017-09-22 08:48:30',  '2017-09-22 08:48:30',  'aut'),
(69,  2,  'Vel sit.', '2017-09-22 08:48:30',  '2017-09-22 08:48:30',  'vel-sit'),
(70,  4,  'Iusto.', '2017-09-22 08:48:30',  '2017-09-22 08:48:30',  'iusto'),
(71,  7,  'Corrupti.',  '2017-09-22 08:48:31',  '2017-09-22 08:48:31',  'corrupti'),
(72,  1,  'Nemo.',  '2017-09-22 08:48:31',  '2017-09-22 08:48:31',  'nemo'),
(73,  11, 'Eos.', '2017-09-22 08:48:31',  '2017-09-22 08:48:31',  'eos'),
(74,  11, 'Vel.', '2017-09-22 08:48:31',  '2017-09-22 08:48:31',  'vel'),
(75,  4,  'Facilis.', '2017-09-22 08:48:31',  '2017-09-22 08:48:31',  'facilis'),
(76,  3,  'Eum.', '2017-09-22 08:48:31',  '2017-09-22 08:48:31',  'eum'),
(77,  4,  'Dolore.',  '2017-09-22 08:48:31',  '2017-09-22 08:48:31',  'dolore'),
(78,  4,  'Ut et.', '2017-09-22 08:48:31',  '2017-09-22 08:48:31',  'ut-et'),
(79,  7,  'Vel qui.', '2017-09-22 08:48:31',  '2017-09-22 08:48:31',  'vel-qui'),
(80,  8,  'Veniam.',  '2017-09-22 08:48:31',  '2017-09-22 08:48:31',  'veniam'),
(81,  1,  'Aut.', '2017-09-22 08:48:31',  '2017-09-22 08:48:31',  'aut'),
(82,  9,  'Quia.',  '2017-09-22 08:48:31',  '2017-09-22 08:48:31',  'quia'),
(83,  9,  'Libero.',  '2017-09-22 08:48:31',  '2017-09-22 08:48:31',  'libero'),
(84,  4,  'Mollitia.',  '2017-09-22 08:48:31',  '2017-09-22 08:48:31',  'mollitia'),
(85,  9,  'Esse.',  '2017-09-22 08:48:31',  '2017-09-22 08:48:31',  'esse'),
(86,  10, 'Placeat.', '2017-09-22 08:48:31',  '2017-09-22 08:48:31',  'placeat'),
(87,  3,  'Dolorum.', '2017-09-22 08:48:31',  '2017-09-22 08:48:31',  'dolorum'),
(88,  8,  'Non cum.', '2017-09-22 08:48:31',  '2017-09-22 08:48:31',  'non-cum'),
(89,  10, 'Fugit.', '2017-09-22 08:48:31',  '2017-09-22 08:48:31',  'fugit'),
(90,  8,  'Autem.', '2017-09-22 08:48:31',  '2017-09-22 08:48:31',  'autem'),
(91,  5,  'Iste ad.', '2017-09-22 08:48:31',  '2017-09-22 08:48:31',  'iste-ad'),
(92,  3,  'Possimus.',  '2017-09-22 08:48:31',  '2017-09-22 08:48:31',  'possimus'),
(93,  3,  'Incidunt.',  '2017-09-22 08:48:31',  '2017-09-22 08:48:31',  'incidunt'),
(94,  10, 'Magnam.',  '2017-09-22 08:48:31',  '2017-09-22 08:48:31',  'magnam'),
(95,  9,  'Nulla a.', '2017-09-22 08:48:31',  '2017-09-22 08:48:31',  'nulla-a'),
(96,  8,  'Dolor.', '2017-09-22 08:48:31',  '2017-09-22 08:48:31',  'dolor'),
(97,  1,  'Velit.', '2017-09-22 08:48:31',  '2017-09-22 08:48:31',  'velit'),
(98,  5,  'Omnis.', '2017-09-22 08:48:32',  '2017-09-22 08:48:32',  'omnis'),
(99,  10, 'Non.', '2017-09-22 08:48:32',  '2017-09-22 08:48:32',  'non'),
(100, 5,  'Sed.', '2017-09-22 08:48:32',  '2017-09-22 08:48:32',  'sed'),
(101, 4,  'Deleniti.',  '2017-09-22 08:48:32',  '2017-09-22 08:48:32',  'deleniti'),
(102, 4,  'Qui quis.',  '2017-09-22 08:48:32',  '2017-09-22 08:48:32',  'qui-quis'),
(103, 8,  'Maiores.', '2017-09-22 08:48:32',  '2017-09-22 08:48:32',  'maiores'),
(104, 6,  'A libero.',  '2017-09-22 08:48:32',  '2017-09-22 08:48:32',  'a-libero'),
(105, 1,  'Velit.', '2017-09-24 03:46:19',  '2017-09-24 03:46:19',  'velit'),
(106, 4,  'Dolores.', '2017-09-24 03:46:19',  '2017-09-24 03:46:19',  'dolores'),
(107, 4,  'Aperiam.', '2017-09-24 03:46:19',  '2017-09-24 03:46:19',  'aperiam'),
(108, 3,  'Nihil.', '2017-09-24 03:46:19',  '2017-09-24 03:46:19',  'nihil'),
(109, 6,  'Vel qui.', '2017-09-24 03:46:19',  '2017-09-24 03:46:19',  'vel-qui'),
(110, 8,  'Nihil.', '2017-09-24 03:46:19',  '2017-09-24 03:46:19',  'nihil'),
(111, 4,  'Suscipit.',  '2017-09-24 03:46:19',  '2017-09-24 03:46:19',  'suscipit'),
(112, 1,  'Eum.', '2017-09-24 03:46:19',  '2017-09-24 03:46:19',  'eum'),
(113, 4,  'Ad ut.', '2017-09-24 03:46:19',  '2017-09-24 03:46:19',  'ad-ut'),
(114, 4,  'Corrupti.',  '2017-09-24 03:46:20',  '2017-09-24 03:46:20',  'corrupti'),
(115, 5,  'Animi.', '2017-09-24 03:46:20',  '2017-09-24 03:46:20',  'animi'),
(116, 10, 'Sint.',  '2017-09-24 03:46:20',  '2017-09-24 03:46:20',  'sint'),
(117, 5,  'Commodi.', '2017-09-24 03:46:20',  '2017-09-24 03:46:20',  'commodi'),
(118, 4,  'Ea.',  '2017-09-24 03:46:20',  '2017-09-24 03:46:20',  'ea'),
(119, 8,  'Ad.',  '2017-09-24 03:46:20',  '2017-09-24 03:46:20',  'ad'),
(120, 8,  'Rerum.', '2017-09-24 03:46:20',  '2017-09-24 03:46:20',  'rerum'),
(121, 10, 'Quia.',  '2017-09-24 03:46:20',  '2017-09-24 03:46:20',  'quia'),
(122, 6,  'Voluptas.',  '2017-09-24 03:46:20',  '2017-09-24 03:46:20',  'voluptas'),
(123, 9,  'Saepe.', '2017-09-24 03:46:20',  '2017-09-24 03:46:20',  'saepe'),
(124, 4,  'Ut quis.', '2017-09-24 03:46:20',  '2017-09-24 03:46:20',  'ut-quis'),
(125, 10, 'Maiores.', '2017-09-24 03:46:20',  '2017-09-24 03:46:20',  'maiores'),
(126, 8,  'Non quam.',  '2017-09-24 03:46:20',  '2017-09-24 03:46:20',  'non-quam'),
(127, 1,  'Voluptas.',  '2017-09-24 03:46:20',  '2017-09-24 03:46:20',  'voluptas'),
(128, 3,  'Sint.',  '2017-09-24 03:46:20',  '2017-09-24 03:46:20',  'sint'),
(129, 1,  'Numquam.', '2017-09-24 03:46:20',  '2017-09-24 03:46:20',  'numquam'),
(130, 10, 'Quae.',  '2017-09-24 03:46:20',  '2017-09-24 03:46:20',  'quae'),
(131, 6,  'Autem.', '2017-09-24 03:46:20',  '2017-09-24 03:46:20',  'autem'),
(132, 7,  'Vitae.', '2017-09-24 03:46:20',  '2017-09-24 03:46:20',  'vitae'),
(133, 3,  'Ut et.', '2017-09-24 03:46:20',  '2017-09-24 03:46:20',  'ut-et'),
(134, 10, 'Vel ut.',  '2017-09-24 03:46:20',  '2017-09-24 03:46:20',  'vel-ut'),
(135, 8,  'Animi.', '2017-09-24 03:46:20',  '2017-09-24 03:46:20',  'animi'),
(136, 3,  'Quam.',  '2017-09-24 03:46:20',  '2017-09-24 03:46:20',  'quam'),
(137, 3,  'Expedita.',  '2017-09-24 03:46:21',  '2017-09-24 03:46:21',  'expedita'),
(138, 5,  'Ea rerum.',  '2017-09-24 03:46:21',  '2017-09-24 03:46:21',  'ea-rerum'),
(139, 11, 'Ab omnis.',  '2017-09-24 03:46:21',  '2017-09-24 03:46:21',  'ab-omnis'),
(140, 3,  'Velit et.',  '2017-09-24 03:46:21',  '2017-09-24 03:46:21',  'velit-et'),
(141, 8,  'Sapiente.',  '2017-09-24 03:46:21',  '2017-09-24 03:46:21',  'sapiente'),
(142, 4,  'Itaque.',  '2017-09-24 03:46:21',  '2017-09-24 03:46:21',  'itaque'),
(143, 1,  'Quis.',  '2017-09-24 03:46:21',  '2017-09-24 03:46:21',  'quis'),
(144, 7,  'Dolore.',  '2017-09-24 03:46:21',  '2017-09-24 03:46:21',  'dolore'),
(145, 8,  'Debitis.', '2017-09-24 03:46:21',  '2017-09-24 03:46:21',  'debitis'),
(146, 9,  'Optio.', '2017-09-24 03:46:21',  '2017-09-24 03:46:21',  'optio'),
(147, 9,  'Aperiam.', '2017-09-24 03:46:21',  '2017-09-24 03:46:21',  'aperiam'),
(148, 10, 'Maiores.', '2017-09-24 03:46:21',  '2017-09-24 03:46:21',  'maiores'),
(149, 2,  'Vero.',  '2017-09-24 03:46:21',  '2017-09-24 03:46:21',  'vero'),
(150, 5,  'Est.', '2017-09-24 03:46:21',  '2017-09-24 03:46:21',  'est'),
(151, 1,  'Neque.', '2017-09-24 03:46:21',  '2017-09-24 03:46:21',  'neque'),
(152, 9,  'Ea eum.',  '2017-09-24 03:46:21',  '2017-09-24 03:46:21',  'ea-eum'),
(153, 9,  'Quod hic.',  '2017-09-24 03:46:21',  '2017-09-24 03:46:21',  'quod-hic'),
(154, 8,  'Ut culpa.',  '2017-09-24 03:46:21',  '2017-09-24 03:46:21',  'ut-culpa'),
(155, 9,  'Aut.', '2017-09-24 03:46:21',  '2017-09-24 03:46:21',  'aut'),
(156, 9,  'Id.',  '2017-09-24 03:46:21',  '2017-09-24 03:46:21',  'id'),
(157, 5,  'Quaerat.', '2017-09-24 03:46:21',  '2017-09-24 03:46:21',  'quaerat'),
(158, 11, 'Ullam.', '2017-09-24 03:46:21',  '2017-09-24 03:46:21',  'ullam'),
(159, 4,  'Quis id.', '2017-09-24 03:46:21',  '2017-09-24 03:46:21',  'quis-id'),
(160, 10, 'Ipsam.', '2017-09-24 03:46:21',  '2017-09-24 03:46:21',  'ipsam'),
(161, 6,  'Vel at.',  '2017-09-24 03:46:22',  '2017-09-24 03:46:22',  'vel-at'),
(162, 3,  'Non non.', '2017-09-24 03:46:22',  '2017-09-24 03:46:22',  'non-non'),
(163, 5,  'Quo.', '2017-09-24 03:46:22',  '2017-09-24 03:46:22',  'quo'),
(164, 8,  'Aliquam.', '2017-09-24 03:46:22',  '2017-09-24 03:46:22',  'aliquam'),
(165, 9,  'Quia.',  '2017-09-24 03:46:22',  '2017-09-24 03:46:22',  'quia'),
(166, 4,  'Ut.',  '2017-09-24 03:46:22',  '2017-09-24 03:46:22',  'ut'),
(167, 6,  'Qui.', '2017-09-24 03:46:22',  '2017-09-24 03:46:22',  'qui'),
(168, 6,  'Tenetur.', '2017-09-24 03:46:22',  '2017-09-24 03:46:22',  'tenetur'),
(169, 2,  'Dolorem.', '2017-09-24 03:46:22',  '2017-09-24 03:46:22',  'dolorem'),
(170, 6,  'Ipsa.',  '2017-09-24 03:46:22',  '2017-09-24 03:46:22',  'ipsa'),
(171, 4,  'Aut.', '2017-09-24 03:46:22',  '2017-09-24 03:46:22',  'aut'),
(172, 5,  'Ut.',  '2017-09-24 03:46:22',  '2017-09-24 03:46:22',  'ut'),
(173, 2,  'Eos quia.',  '2017-09-24 03:46:22',  '2017-09-24 03:46:22',  'eos-quia'),
(174, 2,  'Et aut.',  '2017-09-24 03:46:22',  '2017-09-24 03:46:22',  'et-aut'),
(175, 5,  'Qui.', '2017-09-24 03:46:22',  '2017-09-24 03:46:22',  'qui'),
(176, 6,  'Quis.',  '2017-09-24 03:46:22',  '2017-09-24 03:46:22',  'quis'),
(177, 8,  'Omnis.', '2017-09-24 03:46:22',  '2017-09-24 03:46:22',  'omnis'),
(178, 1,  'Aut.', '2017-09-24 03:46:22',  '2017-09-24 03:46:22',  'aut'),
(179, 10, 'Nihil.', '2017-09-24 03:46:22',  '2017-09-24 03:46:22',  'nihil'),
(180, 10, 'A eaque.', '2017-09-24 03:46:22',  '2017-09-24 03:46:22',  'a-eaque'),
(181, 6,  'Amet.',  '2017-09-24 03:46:22',  '2017-09-24 03:46:22',  'amet'),
(182, 8,  'Rem illo.',  '2017-09-24 03:46:22',  '2017-09-24 03:46:22',  'rem-illo'),
(183, 1,  'Quisquam.',  '2017-09-24 03:46:22',  '2017-09-24 03:46:22',  'quisquam'),
(184, 11, 'Et.',  '2017-09-24 03:46:22',  '2017-09-24 03:46:22',  'et'),
(185, 3,  'Id et.', '2017-09-24 03:46:22',  '2017-09-24 03:46:22',  'id-et'),
(186, 9,  'Et et.', '2017-09-24 03:46:22',  '2017-09-24 03:46:22',  'et-et'),
(187, 2,  'Iusto.', '2017-09-24 03:46:22',  '2017-09-24 03:46:22',  'iusto'),
(188, 8,  'Aut.', '2017-09-24 03:46:23',  '2017-09-24 03:46:23',  'aut'),
(189, 6,  'Dolor.', '2017-09-24 03:46:23',  '2017-09-24 03:46:23',  'dolor'),
(190, 3,  'Ducimus.', '2017-09-24 03:46:23',  '2017-09-24 03:46:23',  'ducimus'),
(191, 2,  'Placeat.', '2017-09-24 03:46:23',  '2017-09-24 03:46:23',  'placeat'),
(192, 7,  'Magni.', '2017-09-24 03:46:23',  '2017-09-24 03:46:23',  'magni'),
(193, 5,  'Atque.', '2017-09-24 03:46:23',  '2017-09-24 03:46:23',  'atque'),
(194, 4,  'Illo non.',  '2017-09-24 03:46:23',  '2017-09-24 03:46:23',  'illo-non'),
(195, 10, 'Dolor.', '2017-09-24 03:46:23',  '2017-09-24 03:46:23',  'dolor'),
(196, 2,  'Minus.', '2017-09-24 03:46:23',  '2017-09-24 03:46:23',  'minus'),
(197, 11, 'Repellat.',  '2017-09-24 03:46:23',  '2017-09-24 03:46:23',  'repellat'),
(198, 1,  'Omnis.', '2017-09-24 03:46:23',  '2017-09-24 03:46:23',  'omnis'),
(199, 4,  'Laborum.', '2017-09-24 03:46:23',  '2017-09-24 03:46:23',  'laborum'),
(200, 11, 'Expedita.',  '2017-09-24 03:46:23',  '2017-09-24 03:46:23',  'expedita'),
(201, 4,  'Qui quia.',  '2017-09-24 03:46:23',  '2017-09-24 03:46:23',  'qui-quia'),
(202, 5,  'Deserunt.',  '2017-09-24 03:46:23',  '2017-09-24 03:46:23',  'deserunt'),
(203, 1,  'Sed ut.',  '2017-09-24 03:46:23',  '2017-09-24 03:46:23',  'sed-ut'),
(204, 11, 'Alias.', '2017-09-24 03:46:23',  '2017-09-24 03:46:23',  'alias');

DROP TABLE IF EXISTS `subscriptions`;
CREATE TABLE `subscriptions` (
  `id` int(11) unsigned NOT NULL AUTO_INCREMENT,
  `user_id` int(11) unsigned NOT NULL,
  `plan_id` int(11) unsigned NOT NULL,
  `ends_at` datetime DEFAULT NULL,
  `status` char(2) NOT NULL DEFAULT '0',
  `amount` varchar(100) DEFAULT NULL,
  `pay_status` char(1) NOT NULL DEFAULT '0',
  `meta` text DEFAULT NULL,
  `trxn_ref` text DEFAULT NULL,
  `created_at` timestamp NULL DEFAULT NULL,
  `updated_at` timestamp NULL DEFAULT NULL,
  PRIMARY KEY (`id`),
  KEY `user_id` (`user_id`),
  KEY `plan_id` (`plan_id`),
  CONSTRAINT `subscriptions_ibfk_1` FOREIGN KEY (`user_id`) REFERENCES `users` (`id`) ON DELETE CASCADE,
  CONSTRAINT `subscriptions_ibfk_2` FOREIGN KEY (`plan_id`) REFERENCES `plans` (`id`) ON DELETE CASCADE
) ENGINE=InnoDB DEFAULT CHARSET=latin1;

INSERT INTO `subscriptions` (`id`, `user_id`, `plan_id`, `ends_at`, `status`, `amount`, `pay_status`, `meta`, `trxn_ref`, `created_at`, `updated_at`) VALUES
(1, 3,  1,  NULL, '1',  NULL, '1',  NULL, '9g6l4PFLNi7E8Zy6t6z0o7GMo',  '2018-01-27 09:23:37',  '2018-01-27 09:23:37'),
(2, 1,  1,  NULL, '1',  '1000000',  '1',  NULL, NULL, '2018-01-27 09:22:41',  '2018-01-27 09:22:41');

DROP TABLE IF EXISTS `tokens`;
CREATE TABLE `tokens` (
  `id` int(10) unsigned NOT NULL AUTO_INCREMENT,
  `user_id` int(10) unsigned NOT NULL,
  `token` varchar(255) COLLATE utf8mb4_unicode_ci NOT NULL,
  `created_at` timestamp NULL DEFAULT NULL,
  `updated_at` timestamp NULL DEFAULT NULL,
  PRIMARY KEY (`id`)
) ENGINE=InnoDB DEFAULT CHARSET=utf8mb4 COLLATE=utf8mb4_unicode_ci;

INSERT INTO `tokens` (`id`, `user_id`, `token`, `created_at`, `updated_at`) VALUES
(1, 8,  'l5uBLqZJE9NLKuDENmJuemGFP',  '2018-02-07 14:12:52',  '2018-02-07 14:12:52'),
(2, 9,  '0h4fT2IWFKkYuphaY3TmnJyFtlyZimNVced3MAmbcpRhdng4NtS1BTn4K6t9NaEXMUqv7gkFjQ6yG8xYI7LyKpsJZq8iNR60JGW6', '2018-02-07 14:23:01',  '2018-02-07 14:23:01'),
(3, 10, 'MaeVQ0rWqXmzzca9ECb0g18AwxTrrQyZE23JtYBw8elazV0DJHYWxUMyzzLkKpo6CdFS4QvpfN1U75FyBENARhIa8JISs9m29pOu', '2018-02-07 16:28:56',  '2018-02-07 16:28:56'),
(4, 11, '3m58M7BgSfp3X6PD7b5QKju2ekCqnSGgPtlX5AWlii8wWJe3mgW2f1P3YMUFVI6kDoJ7ocdLPr536XlM6hNQ8hNgxCk2NKuYj7TY', '2018-02-07 16:31:56',  '2018-02-07 16:31:56'),
(5, 12, 'XcSFTIi5Grpasirb1y9ZfYsL1WhCkpJjTfmLcY3bw5SoAuHjhh0bxHExp51X3Trkv8YsQqHXrHNfhlrNnrSP7iKA21Tds0yh0Riq', '2018-02-07 16:32:16',  '2018-02-07 16:32:16'),
(6, 13, 'E7FGuM777Z7cmJfPBxJOLexP47zpfuPrpgR5s7i0qj3pW7bUcWVKwh0kRNIn6OkAyv1F7ycY2c8cxUdRmVh9HrkOm0LqHUJU1FLB', '2018-02-07 16:51:43',  '2018-02-07 16:51:43'),
(7, 14, 'AVz26cANNI80JM9KPHojpsKOm7RQSZANvPmLYnl1b7qE3wKn5qSqwFjGlxoqkz6m3ivVEHOFV2vUMuAlnScPR3BdVhgfwf9J6asY', '2018-02-07 16:52:43',  '2018-02-07 16:52:43'),
(8, 15, 'z2Yc9ouYhTpGpwUJTgdJQttwlFXHedAhxf0RmpvX5PEZSzjvotgRN2lvbmnylNNwV8YPy519AWn2O35GfZYoAw0UKCmDR5UUoSND', '2018-02-07 16:52:53',  '2018-02-07 16:52:53'),
(9, 16, 'tcfmKZxzZkLkKv4SZTOm4yaI8cP6UWd1mRiYO2CEFvbFzWKrPmm5rPTaITrWHi83t4YqExj0snEXuU1PL9s72F68vpj4kBdpPgFn', '2018-02-07 16:56:18',  '2018-02-07 16:56:18'),
(10,  17, 'F04YyFiHeAqoBku35KTqqCSG7jbYjjtWSSzCiQwkuMmUGfNtqkXOagPliJSjqd1JHMj8Mt0RtXnc9DIki6bV2Gz5NEWMRZYvFwww', '2018-02-07 16:56:29',  '2018-02-07 16:56:29'),
(11,  18, 'kYNO0D1deN5uL9QnmMLj9iSn9iz2sosqJW11wDKiq1bM95gChxAgxpLH2xWGu1CxJvYTjrT3kr8Vw7W6sgGyIH8rpMkyaRqxRxB3', '2018-02-07 16:56:46',  '2018-02-07 16:56:46'),
(12,  19, 'FIKfuhxW3BFbWOlywXsQ5ABLRGCMWrV5rGRpa3JY7mispgNWUfoekzkWH3cL15EKqLYb4J3RbTccnkRRsQM3FFZBMcjm35kTOIf4', '2018-02-07 16:57:26',  '2018-02-07 16:57:26'),
(13,  20, 'HeNiTm9pfruqCh0WyaZk9sMmlu02Er2bntdnhxnkuttRPbQ98UtUS8b924ddYzdTTBK1UddP2Oxn0uHPXLfgGpslrarSoqqUDqlH', '2018-02-07 16:57:54',  '2018-02-07 16:57:54'),
(14,  21, 'ASfkopFluyX1OArqHTYNXDLLsVf5FclXwKIDCP9ITdOJ0dsliKxBIQWPOfBG92iHj9pVy2k1aQGjVPhTM0Suz5BrZmJIL4YFHnOe', '2018-02-07 16:58:46',  '2018-02-07 16:58:46'),
(15,  22, 'niPndV8bwOuYe7JvEoN1DH07uxD6e8sLfYlDpAF2CLPfjTsEug45u3kYpkAsJulMjrP5d2I0mrSa1uhfmTFBhBReXLRHbxN1huIS', '2018-02-07 16:59:27',  '2018-02-07 16:59:27'),
(16,  23, 'RvaXh3XfqwFgRX99UOKubMsJyQZW1Shzq7sDQoBlEXbINHrtRchwlXLgDpwuvJVeaMNeaaw7eOZeI1oXB6YYmsCU54xRlWQ1D0sq', '2018-02-07 17:00:18',  '2018-02-07 17:00:18'),
(17,  24, 'E450uleZPFeN1RSneRPbws9bmvbNL5Q0MsjDHIWym4hXQDMDfQR4w2CQxWOSu6w50ttGYdv3tYoNP4kHb7cH1KGklU53fLiNFP0u', '2018-02-07 17:04:07',  '2018-02-07 17:04:07'),
(18,  25, 'UGlo4ckWdCDc7sVtWqQUVQFTkwsHeldc003JOPJckaDcmjNknbqRhKK4UCbEgMtC9cBRdYPsB9OptzuskJdoULwQlECMoIHkEjSE', '2018-02-07 23:13:41',  '2018-02-07 23:13:41'),
(19,  26, 'gGfsV7gYtvqo0YoyhoWAylpY725glhB3OJ0UG20OkJv62ZD60xBcfJ4jUIw9H0kCGPY2AU0vR98zcYBE7pSBfQoS94l1LECWk6Ud', '2018-02-07 23:14:05',  '2018-02-07 23:14:05'),
(20,  27, 'ZlW7xfvKl2AimiuUzigDfTlxnRZK99UIw7XzIxnmldfN8gxMCe4Omrujj4qF3qYY7Pl5UAvrU1eaAr8VqbVfTCkQVOaVi8Eh6xBK', '2018-02-07 23:14:40',  '2018-02-07 23:14:40'),
(21,  28, 'rO5VCI1Fz0S2pM6NhY9xPM6roJMEaK29FXsB0svZ4agBCllkRgxa590mjvziTqGt7ZuOkoOGmYHoL5UO9y3COQxjgRZDmmV0fkVA', '2018-02-07 23:15:58',  '2018-02-07 23:15:58'),
(22,  29, '88Ed7lr0YBFitEnrNElSw14qeYMxkJUjgvwMZsBaZUwp7pM2AisMFVdyABmCGedTrz0YuI98fy2MYO9CnRfk69i3bLzfKeEanAKp', '2018-02-07 23:16:19',  '2018-02-07 23:16:19'),
(23,  30, 'zee0mQNPvOZv0B0amdhVWxhRAR7UG022Fi29e3UU1lsiMsE7s9MIk0NXn1tNC6XZkbqnoWM1FO6e5G8godDQmuB9UuMi9JrDiWse', '2018-02-08 00:11:32',  '2018-02-08 00:11:32'),
(24,  31, 'Jd0LLOj50YVQC3fA6a1Q8B26gOPteCkEAj8Ks8dWU6PYII6u22SueWS6uhfuHb9TAAkLSOoY493pnXuX0HGnEsVZo2JAXu3SWQMe', '2018-02-08 00:12:12',  '2018-02-08 00:12:12'),
(25,  32, 'FxMloZF16CqUiqd9huNjsDH9GKcsxMzXeKvWpzDNGEmeJhV7jI90aRFPCNo08Jn0K4oftMDrN9eS8SAjE6hKBhWUKDVLUDNoHXS8', '2018-02-08 00:14:28',  '2018-02-08 00:14:28'),
(26,  33, 'HLUft08e38OL3cVwcCudMjSHwjr2hkv9ZXbTSljazgZwBuFjLcwsq2wzX9o21zclbvUVQ997v0z6bMws2YTRKJ9dyHaLtLFe0CqQ', '2018-02-08 00:14:43',  '2018-02-08 00:14:43'),
(27,  34, 'jllIIlFx4PJFsiUinWc1U4C8Qhk98fWFnY7VXZZK3c2s47kj2Jzdm6HjEpYw14LfSS5mkLEvlb4emkk4rPdm0FO0jTNtm4wyczZ1', '2018-02-08 00:21:35',  '2018-02-08 00:21:35'),
(28,  35, 'brmlqxrjHb4FroTYUr97AZlBzUgm0Wu3sSt8RNRmJQ3eRlHcyVtbqQY97roDvVfD3CZVIolQomnY1f8B8ZB3VedUafd4xiG2vXoJ', '2018-02-08 00:23:40',  '2018-02-08 00:23:40'),
(29,  36, '8jlFRFtjUbjHO8Z8MqM6uRN15T4wo9TaRat0dGUyqjQzHZJIIn1tcHi2RRj2lSsOW9CS2qVn83Bs5sDmumFzqekR6jt7J05b3Lhn', '2018-02-08 01:11:57',  '2018-02-08 01:11:57'),
(30,  37, 'u4QgXFz8STS5SSKTJrK1CAw3BM49qPwdgz2K1YpfKSQ7u7Z0FjWP9FxfmF1eULjIcj4axaYQF0HBYgDrukfLiu7BBJdi5kKrwI4o', '2018-02-08 06:03:58',  '2018-02-08 06:03:58'),
(31,  38, 'qaJfNKtm72exXbXiEJzKWE2KOs1Xx3z0ZYkCfItSJ9RG9ZEnWNaIjXHWGj8YLxxHQgopepFdvUxAZ1nM1GfzEKY3bOwfBLOF57xN', '2018-02-08 06:47:45',  '2018-02-08 06:47:45'),
(32,  39, 'CF2MSXYUxs13OHgXHZegCyiF6qjTmqigNfptmfN4qaGEcLHBb9V4cE5IB43J71EYawZyNHMRqvA4Uvbqg9hAaGpIBpqPYTHm4GlG', '2018-02-08 06:48:12',  '2018-02-08 06:48:12'),
(33,  40, 'F7KVnPOtPi5Rbk5eTQdlUDBChIoXUBICi3Fi8Ir10XkxIogQEYxjaIdlhVppGvSxFiysV39ILQKSE48O8reQsWlBtEqTr5QOQ2Sn', '2018-02-08 06:49:42',  '2018-02-08 06:49:42'),
(34,  41, 'dk9QRbTFVeLICUhvNdIJZQZ4Z24u5tuqzHdKLAMoY5H021wYTo9UhlUFPxP7XJ6R1zMbGruh1QgtBtz2fZwJrF0yvvxolwoG2BYe', '2018-02-08 06:50:49',  '2018-02-08 06:50:49'),
(35,  42, 'ka05Nvjt0ZyAFiLX5woUbZq3q3w7ybTjVv3FdXNG22Jh3Cy9d229kItRRPhZ1benWmet9EFPATo16RpguUEjNYslfsRySN0hw0Ap', '2018-02-08 06:56:17',  '2018-02-08 06:56:17'),
(36,  43, 'oCzsA3WqcQuxDV6TBU2CP2GAmK3JKEPhRJ9lVMQUPM3VkavwYKCmkYl9i15i6urepm6kPUxeCDxCXR4NMea2FCWGJjdXlI0BEORz', '2018-02-08 06:56:33',  '2018-02-08 06:56:33'),
(37,  44, 'OODpBQUmBVQtHtoVbbMmejU83p834xwPzHIBTteH6fWMDM1McqMWvrpgPU8ad2Xz6oNKw44nQ61BFDwT40cM7M6uJCmHBaAoZMKn', '2018-02-08 06:57:23',  '2018-02-08 06:57:23'),
(38,  45, 'P5XYwK1eGzZLOq8EzO1KWSRvvewcFeIiUZZIp9gckGRtNODPjDCFjZcD9lULq8IvOqvZQgi2TqWxBm2rfwEXlNwuyfpDnvQnogpY', '2018-02-08 07:02:35',  '2018-02-08 07:02:35'),
(39,  46, '4TVxPCinebP6oJOIvtZXUAa4dwy9oZbrvOXLF33fHrSr19BQP9YuQobneGxGA3w95HtH23bisGwWDGNTld8PBYiRKDats4AriLyo', '2018-02-08 07:03:48',  '2018-02-08 07:03:48'),
(40,  47, 'rjgwGIBtiI64khv0Q14OfzqgJgp2LaxwG9UTWq10exuTUx2I4NrGugSF9dDi1zF2utqO4PYhndQFHZexmj6QAAnVErvXavx4LkeU', '2018-02-08 07:48:16',  '2018-02-08 07:48:16'),
(41,  48, 'pqovdYuEI6fIc9jwaRGMOF2lP1z2XZzkyuonDyGgOwF5MibClVizNCsBH930RRXD3fPx5HXcXwvlbNuEEy7levzhDDyBWnRwzS4b', '2018-02-08 08:11:21',  '2018-02-08 08:11:21'),
(42,  7,  'H8xsY96phnzZpWkWzZlF48ODqdUjrHHc0mTLJzW5PTRShFuMK2W0d6soqHftH1Py6beCdFNhSUJsqbs9npK0gpJw6D4iDLf9Gf5B', '2018-02-12 20:00:32',  '2018-02-12 20:00:32'),
(43,  8,  'FoEnPxtgUOgu3Qmcjb8wCYWC8LivXMTC7zru7nZCBpxyOt3RIplXqq6xApDsRqAx8v0TgftOr8XKLrp8JDIiZMPUqFqdz3C6ejnD', '2018-02-12 20:01:52',  '2018-02-12 20:01:52'),
(44,  9,  'XButD5eT2uLBiWBvbUJyZ8wNLlLDFiTx3tYrqcbG8aRf3fDesxyPuqz4y5fNhdG9FwjFPD2teeJAGHv8b5zQCZh0heOL2B8U7qtZ', '2018-02-13 06:50:17',  '2018-02-13 06:50:17'),
(45,  10, 'Nn4rP6JEGurJo0LKMsqXjpAkVs03IXqLHWhdTT4XMdod7EMqUuVYS8ovLdExNZ4Qlp3Z2iFdTcnqBbs2EUVnCFsHA9ZE1dFgikau', '2018-02-13 07:00:54',  '2018-02-13 07:00:54'),
(46,  11, 'b8nPOb0M4f1b1UljZ47Nh5EA10Q495iGZNo3wYbsMesKlqQQeNodKzYlKHzmB5wW4MoFoK8AFBoMraL0JylTazWGNDTdvt76puKs', '2018-02-13 09:16:49',  '2018-02-13 09:16:49'),
(47,  12, 'snMnVCOuCCV2iG4kBsoXuq1MP3heWTERG64QBQykGmcKh4GUtmDdvNgNgbxUHun3hPvx67pf4lb3DxGCxxvO5tVonVijzHFypSIJ', '2018-02-23 05:55:57',  '2018-02-23 05:55:57'),
(48,  13, 'azGxG9hSxcL7kdH1jZzfG3vOUiK070WKVq10GUgTcsZQr8AoYotIII37sdk95LkH3zIfJO9a1VhzxsWKhPpTDU3TTyLm5d0dJS8G', '2018-02-23 05:57:01',  '2018-02-23 05:57:01');

DROP TABLE IF EXISTS `users`;
CREATE TABLE `users` (
  `id` int(10) unsigned NOT NULL AUTO_INCREMENT,
  `email` varchar(255) COLLATE utf8mb4_unicode_ci DEFAULT NULL,
  `username` varchar(255) COLLATE utf8mb4_unicode_ci DEFAULT NULL,
  `phone` varchar(255) COLLATE utf8mb4_unicode_ci DEFAULT NULL,
  `password` varchar(255) COLLATE utf8mb4_unicode_ci DEFAULT NULL,
  `first_name` varchar(255) COLLATE utf8mb4_unicode_ci DEFAULT NULL,
  `last_name` varchar(255) COLLATE utf8mb4_unicode_ci DEFAULT NULL,
  `image` text COLLATE utf8mb4_unicode_ci DEFAULT NULL,
  `location` varchar(255) COLLATE utf8mb4_unicode_ci DEFAULT NULL,
  `status` char(1) COLLATE utf8mb4_unicode_ci DEFAULT '1',
  `slug` varchar(255) COLLATE utf8mb4_unicode_ci DEFAULT NULL,
  `remember_token` varchar(255) COLLATE utf8mb4_unicode_ci DEFAULT NULL,
  `ag_id` int(11) DEFAULT 0,
  `verify` tinyint(1) DEFAULT 0,
  `created_at` timestamp NULL DEFAULT NULL,
  `updated_at` timestamp NULL DEFAULT NULL,
  `adminer` int(2) DEFAULT 0,
  PRIMARY KEY (`id`)
) ENGINE=InnoDB DEFAULT CHARSET=utf8mb4 COLLATE=utf8mb4_unicode_ci;

INSERT INTO `users` (`id`, `email`, `username`, `phone`, `password`, `first_name`, `last_name`, `image`, `location`, `status`, `slug`, `remember_token`, `ag_id`, `verify`, `created_at`, `updated_at`, `adminer`) VALUES
(1, 'dapodean@gmail.com', 'dapoBelieve',  '07069494803',  '$2y$10$EJJoTfhHe/A2BOzDIB.Dq.eVFraJcpD0XFj8Wmbk860OBvEjoQ4Gy', 'Dapson', 'Michaels', NULL, NULL, '1',  'dapobelieve',  'WNqOquhpzpGhLpgRfxTkRBkuF4E3B0r9YM92yWX7XDZljMy6iX4BCoQjq9Uu', 0,  1,  '2017-08-23 00:26:49',  '2018-01-12 08:18:33',  1),
(2, 'maryope8@gmail.com', '@Opeyemi08028756291',  '08028756291',  '$2y$10$5ozMKtaqGuiBhqcPcmndzuAlNiHlbaZKt1ELic4xm621GP2BOSr2C', 'Opeyemi',  'Mary', NULL, NULL, '1',  'opeyemi08028756291', 'WISYeq5qEaE8tKUWW4e2slas0JeN3tRYy2P940JyYvxOwpGpQRUtr6mgjfnQ', 0,  0,  '2017-09-24 03:41:13',  '2017-09-24 03:41:13',  0),
(3, 'jerexbambex@hotmail.com',  '@Oluwafemin08067099420', '08067099420',  '$2y$10$bepvJ9Rk0E61w99DGPzeLOScZMjZGDe0IAhUW/4hlLFIAVs4HceNa', 'Oluwafemin', 'Isaac',  NULL, NULL, '1',  'oluwafemin08067099420',  'ja8FmlSpYhIInKkcEBEJ4VDbtSFLNQ4Ibp5uRlEDxlgbYyXLQGPcYCrY1rzw', 8,  0,  '2017-09-24 03:42:15',  '2017-09-24 03:42:15',  0),
(4, 'deji@gmail.com', '@5a3d6079c69bd', '08134327417',  '$2y$10$93BM1PUO5DeYEQAvsS4.3OHKJu4Bt4CKdmE7hspyZ89RLsmueR0sG', 'deji', 'dxtrim', NULL, NULL, '1',  '5a3d6079c69bd',  'eXIpntMvQ4Fgy9jliackoS2oNlGY8OLMTHeviSG0uqhwVLnrwLnQOpwGpjXH', 8,  0,  '2017-12-22 18:43:53',  '2017-12-22 18:43:53',  0),
(6, 'dapomichaels@gmail.com', '5a451d7bb237a',  NULL, NULL, 'Dapo Michaels',  NULL, NULL, NULL, '1',  '5a451d7bb237a',  NULL, 0,  0,  '2017-12-28 15:36:11',  '2017-12-28 15:36:11',  0),
(8, 'neyo@gmail.com', 'neyoMoney',  '08134327419',  '$2y$10$1xdNIavMYzMuZvQ2zoHcrOUJ4nCLwLWaJj/QeV1yiB5aSAjIZfOXC', 'neyo', 'Money',  NULL, NULL, '1',  'neyomoney',  'ENvG16MSlsRz7CTErZXhH8eqNwp06hjgT93GzWfWc4f0LIyjP83OkvhT2FPS', 0,  1,  '2018-02-12 20:01:51',  '2018-03-21 21:55:39',  1),
(11,  'sumi@gmail.com', '@5a82bb110754c', '11111111111',  '$2y$10$FYLY1SV2iUmfK8Rl5X1Gtu3cvc2BoTGjc8itn9xq1Fb5BPLt8SeBm', 'sumi', 'sumio',  NULL, NULL, '1',  '5a82bb110754c',  'YgDG5sVieQ7VbYzNbfh36AsfvEyiPlBJnHmDk0LJEt9PnurzSzQu0L763nd6', 0,  0,  '2018-02-13 09:16:49',  '2018-02-13 09:16:49',  0),
(13,  'bla@gmail.com',  '@5a8fbb3d93f5c', '23232323232',  '$2y$10$arex5vh7EOSnyyFF6SONZu1dK99qt6Fp/z.09HmPa3bC53mHyIJtm', 'bla',  'bla',  NULL, NULL, '1',  '5a8fbb3d93f5c',  NULL, 0,  0,  '2018-02-23 05:57:01',  '2018-02-23 05:57:01',  0);

-- 2018-03-22 07:43:30