-- Adminer 4.2.5 MySQL dump

SET NAMES utf8;
SET time_zone = '+00:00';
SET foreign_key_checks = 0;
SET sql_mode = 'NO_AUTO_VALUE_ON_ZERO';

SET NAMES utf8mb4;

DROP TABLE IF EXISTS `categories`;
CREATE TABLE `categories` (
  `id` int(10) unsigned NOT NULL AUTO_INCREMENT,
  `category` varchar(255) COLLATE utf8mb4_unicode_ci NOT NULL,
  `created_at` timestamp NULL DEFAULT NULL,
  `updated_at` timestamp NULL DEFAULT NULL,
  `slug` varchar(255) COLLATE utf8mb4_unicode_ci DEFAULT NULL,
  `image` varchar(45) COLLATE utf8mb4_unicode_ci DEFAULT 'default.jpg',
  PRIMARY KEY (`id`)
) ENGINE=InnoDB DEFAULT CHARSET=utf8mb4 COLLATE=utf8mb4_unicode_ci;

INSERT INTO `categories` (`id`, `category`, `created_at`, `updated_at`, `slug`, `image`) VALUES
(1, 'Fashion & Beauty', NULL, NULL, 'fashion-&-beauty', 'fashion.jpg'),
(2, 'Fitness & Sports', NULL, NULL, 'fitness-&-sports', 'sport.jpg'),
(3, 'Professional Services',  NULL, NULL, 'professional-services',  'pro1.jpg'),
(4, 'Entertainment & Events', NULL, NULL, 'entertainment-&-events', 'entertain.jpg'),
(5, 'Household Electronics',  '0000-00-00 00:00:00',  '0000-00-00 00:00:00',  'household-electronincs', 'household.jpg'),
(6, 'Travel / Tourism', NULL, NULL, 'travel-&-tourism', 'travel.jpg'),
(7, 'Cars', NULL, NULL, 'cars', 'car.jpg'),
(8, 'Restaurants /Nightlife', NULL, NULL, 'restaurants-&-nightlife',  'restaurant.jpg'),
(9, 'Handy Man',  NULL, NULL, 'handy-man',  'handyman.jpg'),
(10,  'Education',  NULL, NULL, 'education',  'education.jpg'),
(11,  'Property', NULL, NULL, 'property', 'house.jpg');

DROP TABLE IF EXISTS `locations`;
CREATE TABLE `locations` (
  `id` int(10) NOT NULL AUTO_INCREMENT,
  `state_id` int(10) NOT NULL,
  `lga` text NOT NULL,
  PRIMARY KEY (`id`),
  KEY `state_id` (`state_id`),
  CONSTRAINT `FK` FOREIGN KEY (`state_id`) REFERENCES `states` (`id`) ON DELETE NO ACTION ON UPDATE NO ACTION
) ENGINE=InnoDB DEFAULT CHARSET=utf32 COMMENT='Local governments in Nigeria.';

INSERT INTO `locations` (`id`, `state_id`, `lga`) VALUES
(1, 1,  'Aba North'),
(2, 1,  'Aba South'),
(3, 1,  'Arochukwu'),
(4, 1,  'Bende'),
(5, 1,  'Ikwuano'),
(6, 1,  'Isiala Ngwa North'),
(7, 1,  'Isiala Ngwa South'),
(8, 1,  'Isuikwuato'),
(9, 1,  'Obi Ngwa'),
(10,  1,  'Ohafia'),
(11,  1,  'Osisioma'),
(12,  1,  'Ugwunagbo'),
(13,  1,  'Ukwa East'),
(14,  1,  'Ukwa West'),
(15,  1,  'Umuahia North'),
(16,  1,  'Umuahia South'),
(17,  1,  'Umu Nneochi'),
(18,  2,  'Demsa'),
(19,  2,  'Fufure'),
(20,  2,  'Ganye'),
(21,  2,  'Gayuk'),
(22,  2,  'Gombi'),
(23,  2,  'Grie'),
(24,  2,  'Hong'),
(25,  2,  'Jada'),
(26,  2,  'Larmurde'),
(27,  2,  'Madagali'),
(28,  2,  'Maiha'),
(29,  2,  'Mayo Belwa'),
(30,  2,  'Michika'),
(31,  2,  'Mubi North'),
(32,  2,  'Mubi South'),
(33,  2,  'Numan'),
(34,  2,  'Shelleng'),
(35,  2,  'Song'),
(36,  2,  'Toungo'),
(37,  2,  'Yola North'),
(38,  2,  'Yola South'),
(39,  3,  'Abak'),
(40,  3,  'Eastern Obolo'),
(41,  3,  'Eket'),
(42,  3,  'Esit Eket'),
(43,  3,  'Essien Udim'),
(44,  3,  'Etim Ekpo'),
(45,  3,  'Etinan'),
(46,  3,  'Ibeno'),
(47,  3,  'Ibesikpo Asutan'),
(48,  3,  'Ibiono-Ibom'),
(49,  3,  'Ika'),
(50,  3,  'Ikono'),
(51,  3,  'Ikot Abasi'),
(52,  3,  'Ikot Ekpene'),
(53,  3,  'Ini'),
(54,  3,  'Itu'),
(55,  3,  'Mbo'),
(56,  3,  'Mkpat-Enin'),
(57,  3,  'Nsit-Atai'),
(58,  3,  'Nsit-Ibom'),
(59,  3,  'Nsit-Ubium'),
(60,  3,  'Obot Akara'),
(61,  3,  'Okobo'),
(62,  3,  'Onna'),
(63,  3,  'Oron'),
(64,  3,  'Oruk Anam'),
(65,  3,  'Udung-Uko'),
(66,  3,  'Ukanafun'),
(67,  3,  'Uruan'),
(68,  3,  'Urue-Offong/Oruko'),
(69,  3,  'Uyo'),
(70,  4,  'Aguata'),
(71,  4,  'Anambra East'),
(72,  4,  'Anambra West'),
(73,  4,  'Anaocha'),
(74,  4,  'Awka North'),
(75,  4,  'Awka South'),
(76,  4,  'Ayamelum'),
(77,  4,  'Dunukofia'),
(78,  4,  'Ekwusigo'),
(79,  4,  'Idemili North'),
(80,  4,  'Idemili South'),
(81,  4,  'Ihiala'),
(82,  4,  'Njikoka'),
(83,  4,  'Nnewi North'),
(84,  4,  'Nnewi South'),
(85,  4,  'Ogbaru'),
(86,  4,  'Onitsha North'),
(87,  4,  'Onitsha South'),
(88,  4,  'Orumba North'),
(89,  4,  'Orumba South'),
(90,  4,  'Oyi'),
(91,  5,  'Alkaleri'),
(92,  5,  'Bauchi'),
(93,  5,  'Bogoro'),
(94,  5,  'Damban'),
(95,  5,  'Darazo'),
(96,  5,  'Dass'),
(97,  5,  'Gamawa'),
(98,  5,  'Ganjuwa'),
(99,  5,  'Giade'),
(100, 5,  'Itas/Gadau'),
(101, 5,  'Jama\'are'),
(102, 5,  'Katagum'),
(103, 5,  'Kirfi'),
(104, 5,  'Misau'),
(105, 5,  'Ningi'),
(106, 5,  'Shira'),
(107, 5,  'Tafawa Balewa'),
(108, 5,  'Toro'),
(109, 5,  'Warji'),
(110, 5,  'Zaki'),
(111, 6,  'Brass'),
(112, 6,  'Ekeremor'),
(113, 6,  'Kolokuma/Opokuma'),
(114, 6,  'Nembe'),
(115, 6,  'Ogbia'),
(116, 6,  'Sagbama'),
(117, 6,  'Southern Ijaw'),
(118, 6,  'Yenagoa'),
(119, 7,  'Agatu'),
(120, 7,  'Apa'),
(121, 7,  'Ado'),
(122, 7,  'Buruku'),
(123, 7,  'Gboko'),
(124, 7,  'Guma'),
(125, 7,  'Gwer East'),
(126, 7,  'Gwer West'),
(127, 7,  'Katsina-Ala'),
(128, 7,  'Konshisha'),
(129, 7,  'Kwande'),
(130, 7,  'Logo'),
(131, 7,  'Makurdi'),
(132, 7,  'Obi'),
(133, 7,  'Ogbadibo'),
(134, 7,  'Ohimini'),
(135, 7,  'Oju'),
(136, 7,  'Okpokwu'),
(137, 7,  'Oturkpo'),
(138, 7,  'Tarka'),
(139, 7,  'Ukum'),
(140, 7,  'Ushongo'),
(141, 7,  'Vandeikya'),
(142, 8,  'Abadam'),
(143, 8,  'Askira/Uba'),
(144, 8,  'Bama'),
(145, 8,  'Bayo'),
(146, 8,  'Biu'),
(147, 8,  'Chibok'),
(148, 8,  'Damboa'),
(149, 8,  'Dikwa'),
(150, 8,  'Gubio'),
(151, 8,  'Guzamala'),
(152, 8,  'Gwoza'),
(153, 8,  'Hawul'),
(154, 8,  'Jere'),
(155, 8,  'Kaga'),
(156, 8,  'Kala/Balge'),
(157, 8,  'Konduga'),
(158, 8,  'Kukawa'),
(159, 8,  'Kwaya Kusar'),
(160, 8,  'Mafa'),
(161, 8,  'Magumeri'),
(162, 8,  'Maiduguri'),
(163, 8,  'Marte'),
(164, 8,  'Mobbar'),
(165, 8,  'Monguno'),
(166, 8,  'Ngala'),
(167, 8,  'Nganzai'),
(168, 8,  'Shani'),
(169, 9,  'Abi'),
(170, 9,  'Akamkpa'),
(171, 9,  'Akpabuyo'),
(172, 9,  'Bakassi'),
(173, 9,  'Bekwarra'),
(174, 9,  'Biase'),
(175, 9,  'Boki'),
(176, 9,  'Calabar Municipal'),
(177, 9,  'Calabar South'),
(178, 9,  'Etung'),
(179, 9,  'Ikom'),
(180, 9,  'Obanliku'),
(181, 9,  'Obubra'),
(182, 9,  'Obudu'),
(183, 9,  'Odukpani'),
(184, 9,  'Ogoja'),
(185, 9,  'Yakuur'),
(186, 9,  'Yala'),
(187, 10, 'Aniocha North'),
(188, 10, 'Aniocha South'),
(189, 10, 'Bomadi'),
(190, 10, 'Burutu'),
(191, 10, 'Ethiope East'),
(192, 10, 'Ethiope West'),
(193, 10, 'Ika North East'),
(194, 10, 'Ika South'),
(195, 10, 'Isoko North'),
(196, 10, 'Isoko South'),
(197, 10, 'Ndokwa East'),
(198, 10, 'Ndokwa West'),
(199, 10, 'Okpe'),
(200, 10, 'Oshimili North'),
(201, 10, 'Oshimili South'),
(202, 10, 'Patani'),
(203, 10, 'Sapele, Delta'),
(204, 10, 'Udu'),
(205, 10, 'Ughelli North'),
(206, 10, 'Ughelli South'),
(207, 10, 'Ukwuani'),
(208, 10, 'Uvwie'),
(209, 10, 'Warri North'),
(210, 10, 'Warri South'),
(211, 10, 'Warri South West'),
(212, 11, 'Abakaliki'),
(213, 11, 'Afikpo North'),
(214, 11, 'Afikpo South'),
(215, 11, 'Ebonyi'),
(216, 11, 'Ezza North'),
(217, 11, 'Ezza South'),
(218, 11, 'Ikwo'),
(219, 11, 'Ishielu'),
(220, 11, 'Ivo'),
(221, 11, 'Izzi'),
(222, 11, 'Ohaozara'),
(223, 11, 'Ohaukwu'),
(224, 11, 'Onicha'),
(225, 12, 'Akoko-Edo'),
(226, 12, 'Egor'),
(227, 12, 'Esan Central'),
(228, 12, 'Esan North-East'),
(229, 12, 'Esan South-East'),
(230, 12, 'Esan West'),
(231, 12, 'Etsako Central'),
(232, 12, 'Etsako East'),
(233, 12, 'Etsako West'),
(234, 12, 'Igueben'),
(235, 12, 'Ikpoba Okha'),
(236, 12, 'Orhionmwon'),
(237, 12, 'Oredo'),
(238, 12, 'Ovia North-East'),
(239, 12, 'Ovia South-West'),
(240, 12, 'Owan East'),
(241, 12, 'Owan West'),
(242, 12, 'Uhunmwonde'),
(243, 13, 'Ado Ekiti'),
(244, 13, 'Efon'),
(245, 13, 'Ekiti East'),
(246, 13, 'Ekiti South-West'),
(247, 13, 'Ekiti West'),
(248, 13, 'Emure'),
(249, 13, 'Gbonyin'),
(250, 13, 'Ido Osi'),
(251, 13, 'Ijero'),
(252, 13, 'Ikere'),
(253, 13, 'Ikole'),
(254, 13, 'Ilejemeje'),
(255, 13, 'Irepodun/Ifelodun'),
(256, 13, 'Ise/Orun'),
(257, 13, 'Moba'),
(258, 13, 'Oye'),
(259, 14, 'Aninri'),
(260, 14, 'Awgu'),
(261, 14, 'Enugu East'),
(262, 14, 'Enugu North'),
(263, 14, 'Enugu South'),
(264, 14, 'Ezeagu'),
(265, 14, 'Igbo Etiti'),
(266, 14, 'Igbo Eze North'),
(267, 14, 'Igbo Eze South'),
(268, 14, 'Isi Uzo'),
(269, 14, 'Nkanu East'),
(270, 14, 'Nkanu West'),
(271, 14, 'Nsukka'),
(272, 14, 'Oji River'),
(273, 14, 'Udenu'),
(274, 14, 'Udi'),
(275, 14, 'Uzo Uwani'),
(276, 15, 'Abaji'),
(277, 15, 'Bwari'),
(278, 15, 'Gwagwalada'),
(279, 15, 'Kuje'),
(280, 15, 'Kwali'),
(281, 15, 'Municipal Area Council'),
(282, 16, 'Akko'),
(283, 16, 'Balanga'),
(284, 16, 'Billiri'),
(285, 16, 'Dukku'),
(286, 16, 'Funakaye'),
(287, 16, 'Gombe'),
(288, 16, 'Kaltungo'),
(289, 16, 'Kwami'),
(290, 16, 'Nafada'),
(291, 16, 'Shongom'),
(292, 16, 'Yamaltu/Deba'),
(293, 17, 'Aboh Mbaise'),
(294, 17, 'Ahiazu Mbaise'),
(295, 17, 'Ehime Mbano'),
(296, 17, 'Ezinihitte'),
(297, 17, 'Ideato North'),
(298, 17, 'Ideato South'),
(299, 17, 'Ihitte/Uboma'),
(300, 17, 'Ikeduru'),
(301, 17, 'Isiala Mbano'),
(302, 17, 'Isu'),
(303, 17, 'Mbaitoli'),
(304, 17, 'Ngor Okpala'),
(305, 17, 'Njaba'),
(306, 17, 'Nkwerre'),
(307, 17, 'Nwangele'),
(308, 17, 'Obowo'),
(309, 17, 'Oguta'),
(310, 17, 'Ohaji/Egbema'),
(311, 17, 'Okigwe'),
(312, 17, 'Orlu'),
(313, 17, 'Orsu'),
(314, 17, 'Oru East'),
(315, 17, 'Oru West'),
(316, 17, 'Owerri Municipal'),
(317, 17, 'Owerri North'),
(318, 17, 'Owerri West'),
(319, 17, 'Unuimo'),
(320, 18, 'Auyo'),
(321, 18, 'Babura'),
(322, 18, 'Biriniwa'),
(323, 18, 'Birnin Kudu'),
(324, 18, 'Buji'),
(325, 18, 'Dutse'),
(326, 18, 'Gagarawa'),
(327, 18, 'Garki'),
(328, 18, 'Gumel'),
(329, 18, 'Guri'),
(330, 18, 'Gwaram'),
(331, 18, 'Gwiwa'),
(332, 18, 'Hadejia'),
(333, 18, 'Jahun'),
(334, 18, 'Kafin Hausa'),
(335, 18, 'Kazaure'),
(336, 18, 'Kiri Kasama'),
(337, 18, 'Kiyawa'),
(338, 18, 'Kaugama'),
(339, 18, 'Maigatari'),
(340, 18, 'Malam Madori'),
(341, 18, 'Miga'),
(342, 18, 'Ringim'),
(343, 18, 'Roni'),
(344, 18, 'Sule Tankarkar'),
(345, 18, 'Taura'),
(346, 18, 'Yankwashi'),
(347, 19, 'Birnin Gwari'),
(348, 19, 'Chikun'),
(349, 19, 'Giwa'),
(350, 19, 'Igabi'),
(351, 19, 'Ikara'),
(352, 19, 'Jaba'),
(353, 19, 'Jema\'a'),
(354, 19, 'Kachia'),
(355, 19, 'Kaduna North'),
(356, 19, 'Kaduna South'),
(357, 19, 'Kagarko'),
(358, 19, 'Kajuru'),
(359, 19, 'Kaura'),
(360, 19, 'Kauru'),
(361, 19, 'Kubau'),
(362, 19, 'Kudan'),
(363, 19, 'Lere'),
(364, 19, 'Makarfi'),
(365, 19, 'Sabon Gari'),
(366, 19, 'Sanga'),
(367, 19, 'Soba'),
(368, 19, 'Zangon Kataf'),
(369, 19, 'Zaria'),
(370, 20, 'Ajingi'),
(371, 20, 'Albasu'),
(372, 20, 'Bagwai'),
(373, 20, 'Bebeji'),
(374, 20, 'Bichi'),
(375, 20, 'Bunkure'),
(376, 20, 'Dala'),
(377, 20, 'Dambatta'),
(378, 20, 'Dawakin Kudu'),
(379, 20, 'Dawakin Tofa'),
(380, 20, 'Doguwa'),
(381, 20, 'Fagge'),
(382, 20, 'Gabasawa'),
(383, 20, 'Garko'),
(384, 20, 'Garun Mallam'),
(385, 20, 'Gaya'),
(386, 20, 'Gezawa'),
(387, 20, 'Gwale'),
(388, 20, 'Gwarzo'),
(389, 20, 'Kabo'),
(390, 20, 'Kano Municipal'),
(391, 20, 'Karaye'),
(392, 20, 'Kibiya'),
(393, 20, 'Kiru'),
(394, 20, 'Kumbotso'),
(395, 20, 'Kunchi'),
(396, 20, 'Kura'),
(397, 20, 'Madobi'),
(398, 20, 'Makoda'),
(399, 20, 'Minjibir'),
(400, 20, 'Nasarawa'),
(401, 20, 'Rano'),
(402, 20, 'Rimin Gado'),
(403, 20, 'Rogo'),
(404, 20, 'Shanono'),
(405, 20, 'Sumaila'),
(406, 20, 'Takai'),
(407, 20, 'Tarauni'),
(408, 20, 'Tofa'),
(409, 20, 'Tsanyawa'),
(410, 20, 'Tudun Wada'),
(411, 20, 'Ungogo'),
(412, 20, 'Warawa'),
(413, 20, 'Wudil'),
(414, 21, 'Bakori'),
(415, 21, 'Batagarawa'),
(416, 21, 'Batsari'),
(417, 21, 'Baure'),
(418, 21, 'Bindawa'),
(419, 21, 'Charanchi'),
(420, 21, 'Dandume'),
(421, 21, 'Danja'),
(422, 21, 'Dan Musa'),
(423, 21, 'Daura'),
(424, 21, 'Dutsi'),
(425, 21, 'Dutsin Ma'),
(426, 21, 'Faskari'),
(427, 21, 'Funtua'),
(428, 21, 'Ingawa'),
(429, 21, 'Jibia'),
(430, 21, 'Kafur'),
(431, 21, 'Kaita'),
(432, 21, 'Kankara'),
(433, 21, 'Kankia'),
(434, 21, 'Katsina'),
(435, 21, 'Kurfi'),
(436, 21, 'Kusada'),
(437, 21, 'Mai\'Adua'),
(438, 21, 'Malumfashi'),
(439, 21, 'Mani'),
(440, 21, 'Mashi'),
(441, 21, 'Matazu'),
(442, 21, 'Musawa'),
(443, 21, 'Rimi'),
(444, 21, 'Sabuwa'),
(445, 21, 'Safana'),
(446, 21, 'Sandamu'),
(447, 21, 'Zango'),
(448, 22, 'Aleiro'),
(449, 22, 'Arewa Dandi'),
(450, 22, 'Argungu'),
(451, 22, 'Augie'),
(452, 22, 'Bagudo'),
(453, 22, 'Birnin Kebbi'),
(454, 22, 'Bunza'),
(455, 22, 'Dandi'),
(456, 22, 'Fakai'),
(457, 22, 'Gwandu'),
(458, 22, 'Jega'),
(459, 22, 'Kalgo'),
(460, 22, 'Koko/Besse'),
(461, 22, 'Maiyama'),
(462, 22, 'Ngaski'),
(463, 22, 'Sakaba'),
(464, 22, 'Shanga'),
(465, 22, 'Suru'),
(466, 22, 'Wasagu/Danko'),
(467, 22, 'Yauri'),
(468, 22, 'Zuru'),
(469, 23, 'Adavi'),
(470, 23, 'Ajaokuta'),
(471, 23, 'Ankpa'),
(472, 23, 'Bassa'),
(473, 23, 'Dekina'),
(474, 23, 'Ibaji'),
(475, 23, 'Idah'),
(476, 23, 'Igalamela Odolu'),
(477, 23, 'Ijumu'),
(478, 23, 'Kabba/Bunu'),
(479, 23, 'Kogi'),
(480, 23, 'Lokoja'),
(481, 23, 'Mopa Muro'),
(482, 23, 'Ofu'),
(483, 23, 'Ogori/Magongo'),
(484, 23, 'Okehi'),
(485, 23, 'Okene'),
(486, 23, 'Olamaboro'),
(487, 23, 'Omala'),
(488, 23, 'Yagba East'),
(489, 23, 'Yagba West'),
(490, 24, 'Asa'),
(491, 24, 'Baruten'),
(492, 24, 'Edu'),
(493, 24, 'Ekiti, Kwara State'),
(494, 24, 'Ifelodun'),
(495, 24, 'Ilorin East'),
(496, 24, 'Ilorin South'),
(497, 24, 'Ilorin West'),
(498, 24, 'Irepodun'),
(499, 24, 'Isin'),
(500, 24, 'Kaiama'),
(501, 24, 'Moro'),
(502, 24, 'Offa'),
(503, 24, 'Oke Ero'),
(504, 24, 'Oyun'),
(505, 24, 'Pategi'),
(506, 25, 'Agege'),
(507, 25, 'Ajeromi-Ifelodun'),
(508, 25, 'Alimosho'),
(509, 25, 'Amuwo-Odofin'),
(510, 25, 'Apapa'),
(511, 25, 'Badagry'),
(512, 25, 'Epe'),
(513, 25, 'Eti Osa'),
(514, 25, 'Ibeju-Lekki'),
(515, 25, 'Ifako-Ijaiye'),
(516, 25, 'Ikeja'),
(517, 25, 'Ikorodu'),
(518, 25, 'Kosofe'),
(519, 25, 'Lagos Island'),
(520, 25, 'Lagos Mainland'),
(521, 25, 'Mushin'),
(522, 25, 'Ojo'),
(523, 25, 'Oshodi-Isolo'),
(524, 25, 'Shomolu'),
(525, 25, 'Surulere, Lagos State'),
(526, 26, 'Akwanga'),
(527, 26, 'Awe'),
(528, 26, 'Doma'),
(529, 26, 'Karu'),
(530, 26, 'Keana'),
(531, 26, 'Keffi'),
(532, 26, 'Kokona'),
(533, 26, 'Lafia'),
(534, 26, 'Nasarawa'),
(535, 26, 'Nasarawa Egon'),
(536, 26, 'Obi'),
(537, 26, 'Toto'),
(538, 26, 'Wamba'),
(539, 27, 'Agaie'),
(540, 27, 'Agwara'),
(541, 27, 'Bida'),
(542, 27, 'Borgu'),
(543, 27, 'Bosso'),
(544, 27, 'Chanchaga'),
(545, 27, 'Edati'),
(546, 27, 'Gbako'),
(547, 27, 'Gurara'),
(548, 27, 'Katcha'),
(549, 27, 'Kontagora'),
(550, 27, 'Lapai'),
(551, 27, 'Lavun'),
(552, 27, 'Magama'),
(553, 27, 'Mariga'),
(554, 27, 'Mashegu'),
(555, 27, 'Mokwa'),
(556, 27, 'Moya'),
(557, 27, 'Paikoro'),
(558, 27, 'Rafi'),
(559, 27, 'Rijau'),
(560, 27, 'Shiroro'),
(561, 27, 'Suleja'),
(562, 27, 'Tafa'),
(563, 27, 'Wushishi'),
(564, 28, 'Abeokuta North'),
(565, 28, 'Abeokuta South'),
(566, 28, 'Ado-Odo/Ota'),
(567, 28, 'Egbado North'),
(568, 28, 'Egbado South'),
(569, 28, 'Ewekoro'),
(570, 28, 'Ifo'),
(571, 28, 'Ijebu East'),
(572, 28, 'Ijebu North'),
(573, 28, 'Ijebu North East'),
(574, 28, 'Ijebu Ode'),
(575, 28, 'Ikenne'),
(576, 28, 'Imeko Afon'),
(577, 28, 'Ipokia'),
(578, 28, 'Obafemi Owode'),
(579, 28, 'Odeda'),
(580, 28, 'Odogbolu'),
(581, 28, 'Ogun Waterside'),
(582, 28, 'Remo North'),
(583, 28, 'Shagamu'),
(584, 29, 'Akoko North-East'),
(585, 29, 'Akoko North-West'),
(586, 29, 'Akoko South-West'),
(587, 29, 'Akoko South-East'),
(588, 29, 'Akure North'),
(589, 29, 'Akure South'),
(590, 29, 'Ese Odo'),
(591, 29, 'Idanre'),
(592, 29, 'Ifedore'),
(593, 29, 'Ilaje'),
(594, 29, 'Ile Oluji/Okeigbo'),
(595, 29, 'Irele'),
(596, 29, 'Odigbo'),
(597, 29, 'Okitipupa'),
(598, 29, 'Ondo East'),
(599, 29, 'Ondo West'),
(600, 29, 'Ose'),
(601, 29, 'Owo'),
(602, 30, 'Atakunmosa East'),
(603, 30, 'Atakunmosa West'),
(604, 30, 'Aiyedaade'),
(605, 30, 'Aiyedire'),
(606, 30, 'Boluwaduro'),
(607, 30, 'Boripe'),
(608, 30, 'Ede North'),
(609, 30, 'Ede South'),
(610, 30, 'Ife Central'),
(611, 30, 'Ife East'),
(612, 30, 'Ife North'),
(613, 30, 'Ife South'),
(614, 30, 'Egbedore'),
(615, 30, 'Ejigbo'),
(616, 30, 'Ifedayo'),
(617, 30, 'Ifelodun'),
(618, 30, 'Ila'),
(619, 30, 'Ilesa East'),
(620, 30, 'Ilesa West'),
(621, 30, 'Irepodun'),
(622, 30, 'Irewole'),
(623, 30, 'Isokan'),
(624, 30, 'Iwo'),
(625, 30, 'Obokun'),
(626, 30, 'Odo Otin'),
(627, 30, 'Ola Oluwa'),
(628, 30, 'Olorunda'),
(629, 30, 'Oriade'),
(630, 30, 'Orolu'),
(631, 30, 'Osogbo'),
(632, 31, 'Afijio'),
(633, 31, 'Akinyele'),
(634, 31, 'Atiba'),
(635, 31, 'Atisbo'),
(636, 31, 'Egbeda'),
(637, 31, 'Ibadan North'),
(638, 31, 'Ibadan North-East'),
(639, 31, 'Ibadan North-West'),
(640, 31, 'Ibadan South-East'),
(641, 31, 'Ibadan South-West'),
(642, 31, 'Ibarapa Central'),
(643, 31, 'Ibarapa East'),
(644, 31, 'Ibarapa North'),
(645, 31, 'Ido'),
(646, 31, 'Irepo'),
(647, 31, 'Iseyin'),
(648, 31, 'Itesiwaju'),
(649, 31, 'Iwajowa'),
(650, 31, 'Kajola'),
(651, 31, 'Lagelu'),
(652, 31, 'Ogbomosho North'),
(653, 31, 'Ogbomosho South'),
(654, 31, 'Ogo Oluwa'),
(655, 31, 'Olorunsogo'),
(656, 31, 'Oluyole'),
(657, 31, 'Ona Ara'),
(658, 31, 'Orelope'),
(659, 31, 'Ori Ire'),
(660, 31, 'Oyo'),
(661, 31, 'Oyo East'),
(662, 31, 'Saki East'),
(663, 31, 'Saki West'),
(664, 31, 'Surulere, Oyo State'),
(665, 32, 'Bokkos'),
(666, 32, 'Barkin Ladi'),
(667, 32, 'Bassa'),
(668, 32, 'Jos East'),
(669, 32, 'Jos North'),
(670, 32, 'Jos South'),
(671, 32, 'Kanam'),
(672, 32, 'Kanke'),
(673, 32, 'Langtang South'),
(674, 32, 'Langtang North'),
(675, 32, 'Mangu'),
(676, 32, 'Mikang'),
(677, 32, 'Pankshin'),
(678, 32, 'Qua\'an Pan'),
(679, 32, 'Riyom'),
(680, 32, 'Shendam'),
(681, 32, 'Wase'),
(682, 33, 'Abua/Odual'),
(683, 33, 'Ahoada East'),
(684, 33, 'Ahoada West'),
(685, 33, 'Akuku-Toru'),
(686, 33, 'Andoni'),
(687, 33, 'Asari-Toru'),
(688, 33, 'Bonny'),
(689, 33, 'Degema'),
(690, 33, 'Eleme'),
(691, 33, 'Emuoha'),
(692, 33, 'Etche'),
(693, 33, 'Gokana'),
(694, 33, 'Ikwerre'),
(695, 33, 'Khana'),
(696, 33, 'Obio/Akpor'),
(697, 33, 'Ogba/Egbema/Ndoni'),
(698, 33, 'Ogu/Bolo'),
(699, 33, 'Okrika'),
(700, 33, 'Omuma'),
(701, 33, 'Opobo/Nkoro'),
(702, 33, 'Oyigbo'),
(703, 33, 'Port Harcourt'),
(704, 33, 'Tai'),
(705, 34, 'Binji'),
(706, 34, 'Bodinga'),
(707, 34, 'Dange Shuni'),
(708, 34, 'Gada'),
(709, 34, 'Goronyo'),
(710, 34, 'Gudu'),
(711, 34, 'Gwadabawa'),
(712, 34, 'Illela'),
(713, 34, 'Isa'),
(714, 34, 'Kebbe'),
(715, 34, 'Kware'),
(716, 34, 'Rabah'),
(717, 34, 'Sabon Birni'),
(718, 34, 'Shagari'),
(719, 34, 'Silame'),
(720, 34, 'Sokoto North'),
(721, 34, 'Sokoto South'),
(722, 34, 'Tambuwal'),
(723, 34, 'Tangaza'),
(724, 34, 'Tureta'),
(725, 34, 'Wamako'),
(726, 34, 'Wurno'),
(727, 34, 'Yabo'),
(728, 35, 'Ardo Kola'),
(729, 35, 'Bali'),
(730, 35, 'Donga'),
(731, 35, 'Gashaka'),
(732, 35, 'Gassol'),
(733, 35, 'Ibi'),
(734, 35, 'Jalingo'),
(735, 35, 'Karim Lamido'),
(736, 35, 'Kumi'),
(737, 35, 'Lau'),
(738, 35, 'Sardauna'),
(739, 35, 'Takum'),
(740, 35, 'Ussa'),
(741, 35, 'Wukari'),
(742, 35, 'Yorro'),
(743, 35, 'Zing'),
(744, 36, 'Bade'),
(745, 36, 'Bursari'),
(746, 36, 'Damaturu'),
(747, 36, 'Fika'),
(748, 36, 'Fune'),
(749, 36, 'Geidam'),
(750, 36, 'Gujba'),
(751, 36, 'Gulani'),
(752, 36, 'Jakusko'),
(753, 36, 'Karasuwa'),
(754, 36, 'Machina'),
(755, 36, 'Nangere'),
(756, 36, 'Nguru'),
(757, 36, 'Potiskum'),
(758, 36, 'Tarmuwa'),
(759, 36, 'Yunusari'),
(760, 36, 'Yusufari'),
(761, 37, 'Anka'),
(762, 37, 'Bakura'),
(763, 37, 'Birnin Magaji/Kiyaw'),
(764, 37, 'Bukkuyum'),
(765, 37, 'Bungudu'),
(766, 37, 'Gummi'),
(767, 37, 'Gusau'),
(768, 37, 'Kaura Namoda'),
(769, 37, 'Maradun'),
(770, 37, 'Maru'),
(771, 37, 'Shinkafi'),
(772, 37, 'Talata Mafara'),
(773, 37, 'Chafe'),
(774, 37, 'Zurmi');

DROP TABLE IF EXISTS `migrations`;
CREATE TABLE `migrations` (
  `id` int(10) unsigned NOT NULL AUTO_INCREMENT,
  `migration` varchar(255) COLLATE utf8mb4_unicode_ci NOT NULL,
  `batch` int(11) NOT NULL,
  PRIMARY KEY (`id`)
) ENGINE=InnoDB DEFAULT CHARSET=utf8mb4 COLLATE=utf8mb4_unicode_ci;

INSERT INTO `migrations` (`id`, `migration`, `batch`) VALUES
(1, '2017_08_21_062949_create_states_table',  1),
(2, '2017_08_21_063013_create_locations_table', 1),
(3, '2017_08_21_063037_create_categories_table',  1),
(4, '2017_08_21_063357_create_subcategories_table', 1),
(7, '2017_08_21_063759_create_users_table', 2),
(10,  '2017_08_21_063504_create_services_table',  3),
(11,  '2017_10_05_124212_create_social_accounts_table', 4),
(12,  '2017_12_01_234009_create_socials_table', 5);

DROP TABLE IF EXISTS `plans`;
CREATE TABLE `plans` (
  `id` int(11) unsigned NOT NULL AUTO_INCREMENT,
  `plan` varchar(100) NOT NULL,
  `price` int(10) NOT NULL,
  `listing` int(4) NOT NULL,
  `desc` text NOT NULL,
  `slug` varchar(100) DEFAULT NULL,
  `created_at` timestamp NULL DEFAULT NULL,
  `updated_at` timestamp NULL DEFAULT NULL,
  PRIMARY KEY (`id`)
) ENGINE=InnoDB DEFAULT CHARSET=latin1;

INSERT INTO `plans` (`id`, `plan`, `price`, `listing`, `desc`, `slug`, `created_at`, `updated_at`) VALUES
(1, 'Basic',  1000, 5,  'Basic Details',  'basic',  '2017-12-13 03:14:13',  '2017-12-13 03:14:13'),
(2, 'Pro',  5000, 20, 'Pro Details',  'pro',  '2017-12-13 03:15:29',  '2017-12-13 03:15:29'),
(3, 'Gold', 10000,  25, 'Gold Desc',  'gold', '2017-12-13 03:16:01',  '2017-12-13 03:16:01');

DROP TABLE IF EXISTS `services`;
CREATE TABLE `services` (
  `id` int(10) unsigned NOT NULL AUTO_INCREMENT,
  `title` varchar(255) COLLATE utf8mb4_unicode_ci DEFAULT NULL,
  `user_id` int(10) unsigned DEFAULT NULL,
  `category_id` int(10) unsigned DEFAULT 4,
  `sub_category_id` int(10) unsigned DEFAULT 4,
  `state_id` int(10) unsigned DEFAULT NULL,
  `location_id` int(10) unsigned DEFAULT NULL,
  `description` text COLLATE utf8mb4_unicode_ci DEFAULT NULL,
  `price` int(11) DEFAULT NULL,
  `image` text COLLATE utf8mb4_unicode_ci DEFAULT NULL,
  `slug` varchar(255) COLLATE utf8mb4_unicode_ci DEFAULT NULL,
  `type` enum('p','r') COLLATE utf8mb4_unicode_ci DEFAULT NULL,
  `status` enum('0','1') COLLATE utf8mb4_unicode_ci DEFAULT '1',
  `priority` char(1) COLLATE utf8mb4_unicode_ci DEFAULT NULL,
  `created_at` timestamp NULL DEFAULT NULL,
  `updated_at` timestamp NULL DEFAULT NULL,
  PRIMARY KEY (`id`)
) ENGINE=InnoDB DEFAULT CHARSET=utf8mb4 COLLATE=utf8mb4_unicode_ci;

INSERT INTO `services` (`id`, `title`, `user_id`, `category_id`, `sub_category_id`, `state_id`, `location_id`, `description`, `price`, `image`, `slug`, `type`, `status`, `priority`, `created_at`, `updated_at`) VALUES
(5, 'Dolorem et qui aut ut.', 3,  3,  3,  34, 117,  'Quo necessitatibus adipisci deserunt sit possimus ut ducimus vitae alias adipisci quos libero necessitatibus sed in excepturi neque eos iusto assumenda non et quasi nobis eos voluptatibus ut id nulla debitis pariatur cupiditate modi nesciunt.', NULL, NULL, 'dolorem-et-qui-aut-ut',  'p',  '1',  '', '2017-09-24 03:46:11',  '2017-09-24 03:46:11'),
(7, 'Vero labore occaecati sed.', 1,  3,  3,  4,  183,  'Doloremque commodi debitis id voluptatem itaque id ipsam quibusdam voluptates quaerat laudantium quos dolorem ut necessitatibus dolor fugiat iste doloribus qui dolor tempore sunt animi distinctio quo error tempora quidem et.', NULL, NULL, 'vero-labore-occaecati-sed',  'p',  '1',  '', '2017-09-24 03:46:11',  '2017-09-24 03:46:11'),
(8, 'Qui rerum officia ad.',  3,  8,  1,  10, 370,  'Deserunt qui dolor sed nisi sint est optio odit saepe neque modi repellendus nulla vitae voluptatem est consequatur accusantium fuga soluta quasi rerum sed est pariatur consequatur tempora maiores dolores ut est sint est totam ab.', NULL, NULL, 'qui-rerum-officia-ad', 'p',  '1',  '', '2017-09-24 03:46:11',  '2017-09-24 03:46:11'),
(9, 'Quos qui aut non eligendi.', 3,  6,  1,  8,  126,  'Rem omnis perferendis molestias nam animi in eaque expedita ut corrupti dolor et at sed tenetur rerum rerum ex magnam ullam molestiae et facilis velit quo quidem asperiores est sunt qui.', NULL, NULL, 'quos-qui-aut-non-eligendi',  'p',  '1',  '', '2017-09-24 03:46:11',  '2017-09-24 03:46:11'),
(11,  'Officiis ipsum sit ex.', 3,  10, 2,  35, 571,  'Molestiae dolor qui magni vel autem doloremque numquam quos ea labore est dolorum sit sit eveniet voluptatibus corrupti minus voluptatibus magni iusto ex sequi repellendus corrupti sunt ad ut voluptatem autem nostrum nemo possimus fuga aperiam velit est sint inventore reiciendis hic odit.',  NULL, NULL, 'officiis-ipsum-sit-ex',  'p',  '1',  '', '2017-09-24 03:46:11',  '2017-09-24 03:46:11'),
(12,  'Labore eum iste ab.',  2,  7,  1,  24, 619,  'Occaecati amet sed id consequatur qui et laborum quia doloremque nemo doloremque ut quidem culpa recusandae iusto vel dolore enim quo cum neque dicta doloribus modi autem distinctio sit similique quis quo vel quia quasi sit non est fugit asperiores et.', NULL, NULL, 'labore-eum-iste-ab', 'p',  '1',  '', '2017-09-24 03:46:11',  '2017-09-24 03:46:11'),
(13,  'Omnis ut qui dolorum tenetur.',  2,  3,  2,  18, 211,  'Provident aliquid corrupti ducimus fugit exercitationem impedit distinctio soluta neque exercitationem fugit adipisci autem incidunt maxime mollitia id corporis et sed quasi consequatur dolorum corrupti velit sed qui eos nesciunt corrupti earum quia ut ducimus itaque mollitia voluptatem sequi quibusdam ipsum.', NULL, NULL, 'omnis-ut-qui-dolorum-tenetur', 'p',  '1',  '', '2017-09-24 03:46:11',  '2017-09-24 03:46:11'),
(14,  'Quis est rerum quam cum.', 3,  5,  3,  16, 140,  'Voluptas tempore nihil sint illum aliquid porro odio voluptatibus et et magni omnis nulla corporis facere odio officiis ipsa.',  NULL, NULL, 'quis-est-rerum-quam-cum',  'p',  '1',  '', '2017-09-24 03:46:11',  '2017-09-24 03:46:11'),
(16,  'Aut voluptas et qui nemo.',  1,  7,  3,  17, 579,  'Vero perspiciatis cupiditate qui eligendi placeat vitae consequatur praesentium sed facilis aut harum expedita aperiam hic aut aut et in.',  NULL, NULL, 'aut-voluptas-et-qui-nemo', 'p',  '1',  '', '2017-09-24 03:46:11',  '2017-09-24 03:46:11'),
(17,  'Quo eos eius repudiandae.',  1,  4,  3,  36, 221,  'Dolores quis recusandae nostrum quia totam est accusantium fugit quae dolor voluptas officia necessitatibus harum exercitationem harum sunt ut et.', NULL, NULL, 'quo-eos-eius-repudiandae', 'p',  '1',  '', '2017-09-24 03:46:11',  '2017-09-24 03:46:11'),
(18,  'Aut voluptas velit atque.',  3,  2,  2,  10, 147,  'Voluptates veniam qui esse tempora tenetur omnis recusandae ab rerum et repudiandae tempore optio cupiditate saepe ullam eligendi libero vitae harum ut culpa quia aut provident at vel.', NULL, NULL, 'aut-voluptas-velit-atque', 'p',  '1',  '', '2017-09-24 03:46:11',  '2017-09-24 03:46:11'),
(19,  'Natus sed aperiam qui.', 1,  2,  1,  15, 639,  'Sit eaque quo velit ratione aut quis sit et sed eum dolores explicabo voluptas quas aliquam molestiae in nam expedita reiciendis nihil accusantium repellat aut ex aliquam commodi ut eveniet id perspiciatis architecto.',  NULL, NULL, 'natus-sed-aperiam-qui',  'p',  '1',  '', '2017-09-24 03:46:11',  '2017-09-24 03:46:11'),
(20,  'Et quo reiciendis doloremque.',  3,  5,  3,  10, 380,  'Dolorum pariatur repellendus voluptas sint eligendi veritatis doloribus quia fugiat et delectus quam et aut sit ut perferendis est animi et ea consequuntur modi rerum pariatur rerum dolorem.', NULL, NULL, 'et-quo-reiciendis-doloremque', 'p',  '1',  '', '2017-09-24 03:46:11',  '2017-09-24 03:46:11'),
(21,  'Et eum fuga quam soluta enim.',  1,  6,  1,  34, 479,  'Incidunt veritatis pariatur quos voluptatum id provident aliquam consequatur et aliquam modi est dolores vitae molestiae vel omnis fuga enim quos sed accusantium minus similique inventore et eaque id ea nostrum hic qui quo minima aut corrupti labore doloremque.',  NULL, NULL, 'et-eum-fuga-quam-soluta-enim', 'p',  '1',  '', '2017-09-24 03:46:12',  '2017-09-24 03:46:12'),
(22,  'Ratione nam laudantium enim.', 3,  2,  2,  2,  316,  'Voluptate molestias qui est ut officiis quia at odio ea omnis alias modi aut repellendus sint nam et sapiente optio officia dolorum est omnis ea quaerat ea ut similique optio ut id sint et iusto nihil quo.',  NULL, NULL, 'ratione-nam-laudantium-enim',  'p',  '1',  '', '2017-09-24 03:46:12',  '2017-09-24 03:46:12'),
(23,  'Ex nihil est omnis.',  3,  5,  3,  25, 471,  'Modi dolor voluptatum corrupti temporibus iste quis modi et officiis reiciendis cupiditate excepturi reprehenderit doloribus tempore nostrum sit sequi animi aut sequi similique ipsum itaque et aliquam sed aut numquam ut doloribus eos.', NULL, NULL, 'ex-nihil-est-omnis', 'p',  '1',  '', '2017-09-24 03:46:12',  '2017-09-24 03:46:12'),
(24,  'Atque dolor enim ea.', 2,  9,  3,  22, 636,  'Et qui quo corrupti error pariatur eos voluptatem accusamus non dolores architecto quo qui voluptatem necessitatibus sequi dicta consequuntur odio reprehenderit enim beatae nesciunt deserunt qui quo dignissimos culpa est.',  NULL, NULL, 'atque-dolor-enim-ea',  'p',  '1',  '', '2017-09-24 03:46:12',  '2017-09-24 03:46:12'),
(25,  'Aperiam vero ut quaerat in.',  1,  11, 1,  28, 515,  'Ea quis nisi inventore autem natus temporibus expedita qui non amet voluptates quas tempora quidem soluta minima inventore cum eum maxime quae maiores quo quo.',  NULL, NULL, 'aperiam-vero-ut-quaerat-in', 'p',  '1',  '', '2017-09-24 03:46:12',  '2017-09-24 03:46:12'),
(26,  'Quia ad sit quibusdam.', 1,  2,  1,  21, 521,  'Assumenda culpa aliquam sequi aut a est vel in consequatur est laudantium est id incidunt dolores et magnam cum iusto saepe aut modi sapiente excepturi quis iusto illo.', NULL, NULL, 'quia-ad-sit-quibusdam',  'p',  '1',  '', '2017-09-24 03:46:12',  '2017-09-24 03:46:12'),
(27,  'Velit repellat ut quis culpa.',  1,  3,  3,  3,  281,  'Ex numquam consequatur quisquam cumque incidunt quis at velit voluptates enim veritatis blanditiis ut consequuntur non provident voluptate quasi eligendi aut ex.',  NULL, NULL, 'velit-repellat-ut-quis-culpa', 'p',  '1',  '', '2017-09-24 03:46:12',  '2017-09-24 03:46:12'),
(28,  'Esse facere at maxime.', 3,  4,  3,  9,  566,  'Tempore ipsum et sint velit iste rerum voluptatibus cum et est et voluptas repellendus et fuga beatae quasi quaerat a ut accusantium quo veniam possimus similique natus omnis omnis et dolor.', NULL, NULL, 'esse-facere-at-maxime',  'p',  '1',  '', '2017-09-24 03:46:12',  '2017-09-24 03:46:12'),
(29,  'Aut dolor ea ipsa eveniet et.',  2,  2,  2,  13, 419,  'In facilis mollitia fugit ipsa incidunt minus molestiae dolorem qui sed dolores temporibus numquam possimus quae quasi repudiandae ut dicta consequatur ut.',  NULL, NULL, 'aut-dolor-ea-ipsa-eveniet-et', 'p',  '1',  '', '2017-09-24 03:46:12',  '2017-09-24 03:46:12'),
(30,  'A aut quia aut magni unde ea.',  1,  1,  1,  27, 636,  'Dolores saepe expedita molestias voluptatem fugit inventore ut exercitationem eveniet enim quas eos cumque inventore est nihil et ut vitae quis officia temporibus consectetur earum quia nihil.', NULL, NULL, 'a-aut-quia-aut-magni-unde-ea', 'p',  '1',  '', '2017-09-24 03:46:12',  '2017-09-24 03:46:12'),
(31,  'Nesciunt iusto vel ipsam.',  2,  5,  3,  31, 163,  'Amet quos velit provident quis iure tempore corporis sed quia vitae eius et praesentium ipsam ipsum sint aut non ut magnam officiis in.',  NULL, NULL, 'nesciunt-iusto-vel-ipsam', 'p',  '1',  '', '2017-09-24 03:46:12',  '2017-09-24 03:46:12'),
(32,  'Earum quia eos ut odio.',  1,  11, 3,  21, 360,  'Quis aut aut molestias qui et sed quae laudantium accusamus beatae qui ut consequatur repellat provident ratione blanditiis exercitationem quo accusamus qui beatae iure odit non voluptas pariatur esse inventore ea optio consequatur quis repudiandae ut omnis.', NULL, NULL, 'earum-quia-eos-ut-odio', 'p',  '1',  '', '2017-09-24 03:46:12',  '2017-09-24 03:46:12'),
(33,  'Cupiditate autem ut aut in.',  1,  8,  2,  6,  374,  'Labore consequuntur quia consequatur eum earum aut et deserunt eum saepe molestias neque quia est dolorum consequatur voluptatem perspiciatis ut voluptatibus dolorem sint vel qui modi amet voluptas laudantium quaerat perspiciatis est dolorem non asperiores repudiandae.',  NULL, NULL, 'cupiditate-autem-ut-aut-in', 'p',  '1',  '', '2017-09-24 03:46:12',  '2017-09-24 03:46:12'),
(34,  'Rerum dolore velit et iure.',  2,  11, 2,  7,  314,  'Aspernatur nostrum exercitationem voluptas deserunt sit itaque itaque neque ullam est maxime magni voluptatum quia eum officiis omnis cumque tenetur dolorem consequatur facere consequatur assumenda est facilis et quasi quas vel adipisci autem est.',  NULL, NULL, 'rerum-dolore-velit-et-iure', 'p',  '1',  '', '2017-09-24 03:46:12',  '2017-09-24 03:46:12'),
(35,  'Eos iure magni non est.',  1,  5,  2,  4,  248,  'Quisquam ut et commodi labore ut perspiciatis repudiandae et impedit vero nisi ab sit deleniti in earum voluptatum perspiciatis illo et omnis et accusantium aut sit illum at.', NULL, NULL, 'eos-iure-magni-non-est', 'p',  '1',  '', '2017-09-24 03:46:12',  '2017-09-24 03:46:12'),
(36,  'Beatae magni dolor quod.', 2,  9,  3,  14, 607,  'Sequi explicabo excepturi doloribus sapiente non consectetur aut optio quis doloribus eos qui laboriosam eos eum praesentium perferendis officia vitae voluptates sapiente rerum exercitationem ducimus a.', NULL, NULL, 'beatae-magni-dolor-quod',  'p',  '1',  '', '2017-09-24 03:46:12',  '2017-09-24 03:46:12'),
(37,  'Qui ea voluptatum omnis.', 2,  4,  3,  20, 136,  'Voluptas est ut enim rerum blanditiis incidunt dolore laborum laborum ut est aut error a quas consequatur molestiae enim totam magni necessitatibus doloremque non aut quas.', NULL, NULL, 'qui-ea-voluptatum-omnis',  'p',  '1',  '', '2017-09-24 03:46:12',  '2017-09-24 03:46:12'),
(38,  'Ut pariatur vero dolorem.',  3,  10, 2,  31, 497,  'Quasi eos dolores ipsa id veniam natus et reprehenderit sequi accusantium esse et quidem earum et voluptatem sit aliquid repellendus voluptatum id ea id hic in eos quia ducimus amet consequuntur iusto non.',  NULL, NULL, 'ut-pariatur-vero-dolorem', 'p',  '1',  '', '2017-09-24 03:46:12',  '2017-09-24 03:46:12'),
(39,  'Sunt qui suscipit natus qui.', 1,  10, 2,  5,  48, 'Assumenda qui eveniet est nostrum qui rem ut neque eum ratione in labore consequatur ab dolores autem quo enim repudiandae alias similique atque ab itaque.',  NULL, NULL, 'sunt-qui-suscipit-natus-qui',  'p',  '1',  '', '2017-09-24 03:46:12',  '2017-09-24 03:46:12'),
(40,  'Quo dolor dolorem qui.', 2,  4,  1,  14, 169,  'Quo ipsa amet ab ut quis dicta commodi est ratione illo ipsa voluptates molestiae rerum ex officia placeat ut sequi ipsa ullam nemo rerum aspernatur est amet quia velit quia nihil repudiandae nihil maxime sunt et voluptatem deserunt omnis et.', NULL, NULL, 'quo-dolor-dolorem-qui',  'p',  '1',  '', '2017-09-24 03:46:12',  '2017-09-24 03:46:12'),
(41,  'Voluptatum aut sed ex nihil.', 2,  9,  2,  4,  391,  'Voluptas corporis illum quis iusto reprehenderit odio ad et asperiores incidunt ab sit quia et sit est dicta dignissimos dolor provident tempora rem dolore molestias blanditiis vero minima voluptatem rerum temporibus omnis.',  NULL, NULL, 'voluptatum-aut-sed-ex-nihil',  'p',  '1',  '', '2017-09-24 03:46:12',  '2017-09-24 03:46:12'),
(42,  'Officiis est vero vero.',  2,  4,  3,  19, 542,  'Et enim aperiam et repellat eveniet dignissimos deserunt eligendi soluta qui nisi dolor placeat adipisci architecto minus dolor quia consequatur nobis quis inventore incidunt est itaque sapiente labore laborum incidunt illo voluptas nostrum ab reprehenderit voluptatem officiis porro praesentium exercitationem reprehenderit saepe.',  NULL, NULL, 'officiis-est-vero-vero', 'p',  '1',  '', '2017-09-24 03:46:12',  '2017-09-24 03:46:12'),
(43,  'Temporibus nam corrupti ea.',  1,  7,  1,  4,  503,  'Modi rerum voluptatum nemo magni temporibus rem placeat earum inventore dolorum iste qui est velit et neque nesciunt neque magni deserunt sint voluptas cumque voluptatem id expedita quos sed quam aut eos asperiores.',  NULL, NULL, 'temporibus-nam-corrupti-ea', 'p',  '1',  '', '2017-09-24 03:46:12',  '2017-09-24 03:46:12'),
(44,  'Aut earum sit sint et.', 2,  3,  3,  14, 39, 'Tempora et accusamus temporibus dolor laudantium aut recusandae dolorem et occaecati praesentium impedit optio animi molestiae quis eum accusamus est sit repellat qui deleniti alias aliquam nobis voluptatem ipsa non ullam sit nulla quisquam doloremque.', NULL, NULL, 'aut-earum-sit-sint-et',  'p',  '1',  '', '2017-09-24 03:46:12',  '2017-09-24 03:46:12'),
(45,  'Beatae quas fugiat quod sit.', 1,  8,  3,  20, 592,  'Fuga dolores sed mollitia reprehenderit perspiciatis occaecati consequatur dicta nihil in quae ut aut debitis omnis perspiciatis voluptates nihil ducimus magnam dolorum et similique neque minima amet quod tenetur consequatur est soluta repellat nobis rerum error.',  NULL, NULL, 'beatae-quas-fugiat-quod-sit',  'p',  '1',  '', '2017-09-24 03:46:12',  '2017-09-24 03:46:12'),
(46,  'Velit facilis quo mollitia.',  1,  5,  1,  6,  661,  'Quam in perferendis eum dolores corporis suscipit consequuntur cumque natus nam sed quas nobis ex repellat magni voluptas dolorum eveniet beatae eos vitae aperiam minus odio natus quo dignissimos cum labore qui sit quis inventore.', NULL, NULL, 'velit-facilis-quo-mollitia', 'p',  '1',  '', '2017-09-24 03:46:12',  '2017-09-24 03:46:12'),
(47,  'Consequatur qui quidem a ut.', 1,  5,  3,  13, 127,  'Ratione enim vel incidunt at dolorem ipsam rerum molestias unde placeat numquam voluptatem assumenda temporibus voluptates molestiae vel qui qui et maiores dolorum voluptatum ut optio fugiat animi sit fugit perferendis ipsum id accusamus ut rerum ex nobis quod ut similique.', NULL, NULL, 'consequatur-qui-quidem-a-ut',  'p',  '1',  '', '2017-09-24 03:46:13',  '2017-09-24 03:46:13'),
(48,  'Aut eaque officiis quibusdam.',  2,  5,  1,  31, 270,  'Architecto atque itaque et vel impedit ratione aut optio quia dolore quam voluptatem assumenda sequi eligendi eos non eius quisquam quaerat voluptas corrupti mollitia ut iure iure quo reprehenderit aliquam quam molestias deserunt nostrum sequi eos animi eos est unde quos.', NULL, NULL, 'aut-eaque-officiis-quibusdam', 'p',  '1',  '', '2017-09-24 03:46:13',  '2017-09-24 03:46:13'),
(49,  'Reiciendis et nostrum ad non.',  3,  4,  1,  13, 243,  'Repudiandae velit aliquam inventore et nobis voluptatem consequatur saepe architecto at voluptatem rerum rem quidem libero harum voluptatem magnam minus minus fugit nihil deserunt ut quo laudantium impedit ullam est voluptatum.',  NULL, NULL, 'reiciendis-et-nostrum-ad-non', 'p',  '1',  '', '2017-09-24 03:46:13',  '2017-09-24 03:46:13'),
(50,  'Et sapiente eligendi ut.', 3,  1,  1,  12, 338,  'Quia vitae consequatur aut qui non dolorem non fugit eligendi sint qui culpa magni sit possimus vel reiciendis laborum cum atque ipsa corrupti quia suscipit omnis quasi dolorem impedit neque libero beatae.',  NULL, NULL, 'et-sapiente-eligendi-ut',  'p',  '1',  '', '2017-09-24 03:46:13',  '2017-09-24 03:46:13'),
(51,  'Eveniet soluta eius id.',  2,  6,  3,  18, 279,  'Ut voluptatem reiciendis harum nihil ipsum ducimus et quia voluptatem quia aliquid quis ratione quae dolores adipisci veniam in illum reiciendis sit delectus aut iure et nam autem.', NULL, NULL, 'eveniet-soluta-eius-id', 'p',  '1',  '', '2017-09-24 03:46:13',  '2017-09-24 03:46:13'),
(52,  'Sit enim nulla quam.', 2,  11, 2,  23, 336,  'Non expedita corrupti velit ea aut explicabo quos consequatur veritatis possimus labore quis inventore enim corporis ea quasi deleniti rerum quia sunt amet veritatis assumenda molestiae quam ad architecto facere est.', NULL, NULL, 'sit-enim-nulla-quam',  'p',  '1',  '', '2017-09-24 03:46:13',  '2017-09-24 03:46:13'),
(53,  'Autem beatae et quod.',  3,  2,  2,  2,  292,  'Aut qui suscipit vel voluptatem quibusdam quia at laudantium iure quas sint ducimus quisquam tenetur autem odio excepturi nostrum deleniti cum iure eum voluptate placeat qui explicabo dolores laboriosam sapiente voluptates.',  NULL, NULL, 'autem-beatae-et-quod', 'p',  '1',  '', '2017-09-24 03:46:13',  '2017-09-24 03:46:13'),
(54,  'Cum et qui sint non.', 2,  10, 3,  25, 429,  'Assumenda est ut animi repudiandae impedit consectetur amet commodi ratione modi aut fugit sequi et fugiat eaque corporis nihil laborum ut rerum ducimus excepturi animi accusamus non debitis quas eveniet minima aliquam occaecati.',  NULL, NULL, 'cum-et-qui-sint-non',  'p',  '1',  '', '2017-09-24 03:46:13',  '2017-09-24 03:46:13'),
(55,  'Quis ex ut aut sunt.', 1,  6,  3,  25, 126,  'Eum et excepturi veniam est commodi debitis aliquid dolore est est voluptatem dolorum ab dolores et corrupti repudiandae optio totam eum velit ut enim tempora.',  NULL, NULL, 'quis-ex-ut-aut-sunt',  'p',  '1',  '', '2017-09-24 03:46:13',  '2017-09-24 03:46:13'),
(56,  'Alias laborum ea dolor quia.', 3,  9,  2,  11, 291,  'Voluptas laboriosam consequatur velit aut et blanditiis aspernatur omnis corrupti non ad occaecati quasi aliquam mollitia numquam totam et et.', NULL, NULL, 'alias-laborum-ea-dolor-quia',  'p',  '1',  '', '2017-09-24 03:46:13',  '2017-09-24 03:46:13'),
(57,  'Qui eum unde eos aliquid.',  3,  5,  1,  2,  291,  'Pariatur enim ea sed sint rerum enim sequi quia mollitia expedita quia maxime cum repudiandae ex eius ab cum aut quis quidem repellat et dolor quibusdam maiores iusto eum consequatur commodi culpa beatae dolor alias alias enim.',  NULL, NULL, 'qui-eum-unde-eos-aliquid', 'p',  '1',  '', '2017-09-24 03:46:13',  '2017-09-24 03:46:13'),
(58,  'Soluta ut suscipit assumenda.',  1,  7,  2,  34, 574,  'Animi eum expedita porro dicta blanditiis corporis dicta labore voluptas modi odit aliquid voluptate voluptas vero molestias debitis vitae molestiae nulla et et sunt numquam aut non rem voluptatibus laudantium nobis eum.', NULL, NULL, 'soluta-ut-suscipit-assumenda', 'p',  '1',  '', '2017-09-24 03:46:13',  '2017-09-24 03:46:13'),
(59,  'Adipisci illo ad non et.', 1,  4,  1,  2,  293,  'Sed numquam eum voluptatem eaque optio perferendis nostrum magnam fuga molestiae omnis omnis soluta accusantium aut sit qui dignissimos quo maiores nihil enim pariatur neque.', NULL, NULL, 'adipisci-illo-ad-non-et',  'p',  '1',  '', '2017-09-24 03:46:13',  '2017-09-24 03:46:13'),
(60,  'In omnis ipsam voluptas.', 3,  4,  2,  3,  397,  'Inventore consectetur molestiae et quod maxime id et voluptatem totam aut fuga maxime labore vero officiis et ipsam sit.', NULL, NULL, 'in-omnis-ipsam-voluptas',  'p',  '1',  '', '2017-09-24 03:46:13',  '2017-09-24 03:46:13'),
(61,  'Et dolores velit repellendus.',  1,  1,  3,  5,  494,  'Hic repellendus omnis enim quasi qui assumenda optio assumenda porro optio ea enim sint fugit ea rerum odio est aut laborum natus unde consequatur fugiat blanditiis reiciendis aut quos commodi laborum amet sapiente asperiores.', NULL, NULL, 'et-dolores-velit-repellendus', 'p',  '1',  '', '2017-09-24 03:46:13',  '2017-09-24 03:46:13'),
(62,  'Dolor ut et quo ut non.',  3,  1,  2,  19, 654,  'Asperiores necessitatibus magni beatae corporis aut deserunt sunt itaque est quia impedit eligendi esse et id culpa nobis asperiores et nobis autem omnis quia molestias beatae quasi accusamus autem ut et eos consequatur voluptatum accusamus quas libero molestiae magni.',  NULL, NULL, 'dolor-ut-et-quo-ut-non', 'p',  '1',  '', '2017-09-24 03:46:13',  '2017-09-24 03:46:13'),
(63,  'Numquam in eligendi eum.', 2,  6,  2,  18, 397,  'Voluptatum ipsum tenetur laborum odio harum est odio error totam deserunt et dignissimos voluptates asperiores illo ad voluptatem consectetur dolorem id est in cumque pariatur consequatur temporibus ad hic voluptas tempore at eveniet eum error voluptatibus.',  NULL, NULL, 'numquam-in-eligendi-eum',  'p',  '1',  '', '2017-09-24 03:46:13',  '2017-09-24 03:46:13'),
(64,  'Modi quis ea ut cumque.',  2,  5,  2,  29, 534,  'Facilis repudiandae hic et aliquam totam occaecati magnam nisi fuga est tempora voluptas omnis quis qui est dignissimos placeat sequi placeat libero dolores qui praesentium quis animi quis ratione et eos distinctio quia molestiae sapiente consectetur vel id aut officia.', NULL, NULL, 'modi-quis-ea-ut-cumque', 'p',  '1',  '', '2017-09-24 03:46:13',  '2017-09-24 03:46:13'),
(65,  'Nam non consequatur nobis.', 3,  4,  3,  12, 158,  'Et eveniet culpa ut earum nulla in necessitatibus maiores ea ut voluptatem voluptatem incidunt expedita quasi eius labore commodi esse exercitationem veniam dolorem quos laboriosam hic impedit dolor quasi molestias accusamus ut impedit est vel ad fuga laborum ut quia ea.',  NULL, NULL, 'nam-non-consequatur-nobis',  'p',  '1',  '', '2017-09-24 03:46:13',  '2017-09-24 03:46:13'),
(66,  'Dolorum eos dolorum rerum.', 2,  3,  1,  35, 583,  'Perferendis non veniam itaque ipsam blanditiis nemo eligendi dolor repellendus praesentium earum odio iusto itaque sint neque fugit aspernatur accusantium tempore ex commodi rem magnam dicta aut eum ut harum temporibus non.',  NULL, NULL, 'dolorum-eos-dolorum-rerum',  'p',  '1',  '', '2017-09-24 03:46:13',  '2017-09-24 03:46:13'),
(67,  'Fugiat ut vero ad.', 3,  5,  2,  32, 158,  'Adipisci vel eius repudiandae et voluptatibus asperiores praesentium sed velit tempore impedit quia sit unde quia expedita architecto quos velit.',  NULL, NULL, 'fugiat-ut-vero-ad',  'p',  '1',  '', '2017-09-24 03:46:14',  '2017-09-24 03:46:14'),
(68,  'Eligendi quam et eos.',  2,  1,  1,  35, 332,  'Quidem cum accusantium placeat ut incidunt incidunt quidem laboriosam ut et dolor expedita molestiae iure quia voluptatem delectus porro iste vero magnam libero dolores magni alias nisi et aliquid maiores ducimus ipsum modi dolores pariatur velit sed libero in ea et.',  NULL, NULL, 'eligendi-quam-et-eos', 'p',  '1',  '', '2017-09-24 03:46:14',  '2017-09-24 03:46:14'),
(69,  'Quia vitae nam odit et.',  3,  8,  3,  27, 353,  'Voluptatem quo eos velit voluptatum aut culpa omnis quia enim nobis ex inventore similique rerum voluptatem mollitia sint accusantium provident cupiditate praesentium eum eos corporis ipsum reprehenderit earum.', NULL, NULL, 'quia-vitae-nam-odit-et', 'p',  '1',  '', '2017-09-24 03:46:14',  '2017-09-24 03:46:14'),
(70,  'Ut quas qui qui nemo.',  1,  6,  1,  14, 82, 'Facere neque voluptate debitis quasi quisquam ut sunt ut in laborum aut similique dolores illo cum ullam quibusdam laboriosam reiciendis rerum saepe dolorem molestias iusto et delectus ut incidunt atque sint id id voluptatem adipisci.', NULL, NULL, 'ut-quas-qui-qui-nemo', 'p',  '1',  '', '2017-09-24 03:46:14',  '2017-09-24 03:46:14'),
(71,  'At sed sed labore nostrum.', 2,  9,  1,  6,  666,  'Voluptatem placeat molestiae ullam reprehenderit illo nesciunt commodi laudantium necessitatibus sed perferendis aut ut quod molestiae magni vel velit culpa ut repudiandae aut et iusto.',  NULL, NULL, 'at-sed-sed-labore-nostrum',  'p',  '1',  '', '2017-09-24 03:46:14',  '2017-09-24 03:46:14'),
(72,  'Aspernatur ab ut et aut non.', 1,  6,  2,  15, 250,  'Molestias nostrum omnis porro aut sunt omnis eum officiis molestias exercitationem quisquam minima voluptas minima aspernatur aut laborum dicta in qui nulla aut qui fuga quas enim provident minus veniam reiciendis amet porro laudantium rerum deleniti consequuntur.', NULL, NULL, 'aspernatur-ab-ut-et-aut-non',  'p',  '1',  '', '2017-09-24 03:46:14',  '2017-09-24 03:46:14'),
(73,  'Aut deserunt fugiat sint eos.',  2,  4,  2,  29, 694,  'Occaecati asperiores voluptate nam dolor repudiandae doloremque perspiciatis id earum minima illo voluptatum rerum non qui sed molestiae ipsum corporis sed sit odit id sint omnis deleniti quia quis harum qui atque suscipit distinctio magni et.',  NULL, NULL, 'aut-deserunt-fugiat-sint-eos', 'p',  '1',  '', '2017-09-24 03:46:14',  '2017-09-24 03:46:14'),
(74,  'Eos aut sed a autem.', 1,  8,  2,  2,  310,  'Qui neque et recusandae possimus sequi dolores corrupti rerum doloribus autem voluptatem exercitationem et aut quis voluptatem ab neque quod ea veniam nihil excepturi est.',  NULL, NULL, 'eos-aut-sed-a-autem',  'p',  '1',  '', '2017-09-24 03:46:14',  '2017-09-24 03:46:14'),
(75,  'Aut nam eius omnis et.', 2,  2,  2,  9,  89, 'Atque qui consequatur minus aperiam dolores aut maiores quam voluptas ea voluptatem quia impedit iusto saepe maiores cumque qui dolorem voluptates dolorem placeat architecto omnis velit dolore beatae.', NULL, NULL, 'aut-nam-eius-omnis-et',  'p',  '1',  '', '2017-09-24 03:46:14',  '2017-09-24 03:46:14'),
(76,  'Est quos eos quos beatae.',  3,  6,  2,  28, 577,  'Praesentium vel placeat quam delectus sapiente tempora tempore voluptatem repellendus cumque ex culpa praesentium ut odio et aut et tenetur numquam expedita pariatur et et animi omnis omnis autem non.', NULL, NULL, 'est-quos-eos-quos-beatae', 'p',  '1',  '', '2017-09-24 03:46:14',  '2017-09-24 03:46:14'),
(77,  'Debitis illum amet autem.',  3,  6,  2,  9,  243,  'Deserunt necessitatibus tempore modi omnis et consequuntur occaecati expedita est laboriosam culpa quam sed quam fugiat non aut aspernatur esse illum id consequatur inventore ut doloribus at neque delectus ducimus nihil iusto ex est.',  NULL, NULL, 'debitis-illum-amet-autem', 'p',  '1',  '', '2017-09-24 03:46:14',  '2017-09-24 03:46:14'),
(78,  'Quia iusto a rerum alias.',  3,  2,  3,  24, 63, 'Omnis earum perferendis doloremque consequuntur similique amet repellat ea maiores neque est aspernatur quaerat error accusantium ut iure qui ut non magni amet amet est ipsa magnam minima sunt aut dolore libero rem dolor.',  NULL, NULL, 'quia-iusto-a-rerum-alias', 'p',  '1',  '', '2017-09-24 03:46:14',  '2017-09-24 03:46:14'),
(79,  'Excepturi eveniet et eos.',  2,  9,  3,  28, 501,  'Voluptatem incidunt optio id perferendis modi consectetur earum quaerat quaerat molestiae maiores neque velit nesciunt aut sint sit voluptatibus atque et ipsa omnis quia modi consequatur iusto ipsam a sequi corporis temporibus voluptatem vel optio quia voluptatem libero molestiae.',  NULL, NULL, 'excepturi-eveniet-et-eos', 'p',  '1',  '', '2017-09-24 03:46:14',  '2017-09-24 03:46:14'),
(80,  'Ut non ex fuga inventore.',  3,  10, 2,  36, 672,  'Est consectetur sed aut distinctio et voluptatem vitae id magni rem id possimus ab mollitia cumque voluptas exercitationem molestiae assumenda non iure sed similique praesentium quis doloremque debitis.', NULL, NULL, 'ut-non-ex-fuga-inventore', 'p',  '1',  '', '2017-09-24 03:46:14',  '2017-09-24 03:46:14'),
(81,  'Id fugit et nemo eaque.',  3,  5,  3,  35, 202,  'Aut culpa quia exercitationem est rerum odit nostrum sunt numquam repellendus eligendi voluptatem officiis non neque exercitationem sint laboriosam explicabo voluptatibus reprehenderit fugiat soluta nihil eaque ex est enim enim sed saepe debitis dignissimos.', NULL, NULL, 'id-fugit-et-nemo-eaque', 'p',  '1',  '', '2017-09-24 03:46:14',  '2017-09-24 03:46:14'),
(82,  'Qui quo at sit et saepe.', 2,  1,  1,  29, 529,  'Nam iusto fuga quibusdam consequatur necessitatibus deserunt veniam cupiditate maiores omnis officia deserunt voluptas quo vero hic totam ea necessitatibus et ut qui et tempore et ex eum ut molestiae maiores pariatur cumque sit quis quas iste.',  NULL, NULL, 'qui-quo-at-sit-et-saepe',  'p',  '1',  '', '2017-09-24 03:46:14',  '2017-09-24 03:46:14'),
(83,  'Rem fugit quo distinctio in.', 1,  8,  3,  8,  366,  'Quam dolorem id perspiciatis unde assumenda et aut eos nulla repudiandae iure et voluptas sint nulla laudantium animi eligendi iusto reprehenderit atque consequatur sit dolores aut velit est et maxime eveniet.',  NULL, NULL, 'rem-fugit-quo-distinctio-in',  'p',  '1',  '', '2017-09-24 03:46:14',  '2017-09-24 03:46:14'),
(84,  'Amet qui tempore vel aliquam.',  3,  8,  3,  6,  308,  'Voluptatem blanditiis qui placeat qui minima est sit cum mollitia non rerum itaque perferendis animi qui at pariatur qui ut quam ipsum aut quas doloremque dolorum ut modi ut ipsum maxime accusantium debitis minus.',  NULL, NULL, 'amet-qui-tempore-vel-aliquam', 'p',  '1',  '', '2017-09-24 03:46:14',  '2017-09-24 03:46:14'),
(85,  'Enim voluptatem enim ea.', 2,  8,  3,  9,  420,  'Sed cumque est illo quibusdam eos ipsam tempora consequatur molestias eius ut voluptatem quaerat commodi eum assumenda iusto ad pariatur placeat sequi tempore ut aut beatae ipsum natus adipisci atque officiis ut assumenda eligendi maxime sed in.',  NULL, NULL, 'enim-voluptatem-enim-ea',  'p',  '1',  '', '2017-09-24 03:46:14',  '2017-09-24 03:46:14'),
(86,  'Error quas aliquam vitae.',  1,  8,  1,  33, 70, 'Dicta quidem optio aut voluptas placeat quia voluptates magnam iste quaerat dolor omnis delectus quasi unde sint et et omnis molestiae et pariatur qui dolores pariatur placeat maiores quibusdam vero quos quia sint ratione modi voluptas.', NULL, NULL, 'error-quas-aliquam-vitae', 'p',  '1',  '', '2017-09-24 03:46:14',  '2017-09-24 03:46:14'),
(87,  'Iusto et officia illum.',  2,  3,  2,  29, 497,  'Ratione consequatur sunt error ipsum iste tempore aut vitae facere labore et voluptas tempore non inventore natus saepe quaerat nihil corrupti in tempore aut ut dolor eius repellendus quis vel tenetur voluptatem voluptatum dolor deserunt consectetur.', NULL, NULL, 'iusto-et-officia-illum', 'p',  '1',  '', '2017-09-24 03:46:14',  '2017-09-24 03:46:14'),
(88,  'Aspernatur iste illum est id.',  3,  9,  2,  34, 251,  'Dignissimos nemo porro maiores perferendis odio nihil necessitatibus eius accusantium omnis quia quo labore fuga molestiae enim consequatur dolore porro voluptates voluptas voluptas earum.', NULL, NULL, 'aspernatur-iste-illum-est-id', 'p',  '1',  '', '2017-09-24 03:46:14',  '2017-09-24 03:46:14'),
(89,  'At accusamus odio provident.', 1,  8,  1,  24, 690,  'Voluptatem corrupti beatae temporibus corrupti et quo qui possimus qui doloribus omnis qui debitis sunt blanditiis doloremque et voluptates repellendus ullam sit quaerat repellendus minus dolorem iste quae atque autem ut.',  NULL, NULL, 'at-accusamus-odio-provident',  'p',  '1',  '', '2017-09-24 03:46:14',  '2017-09-24 03:46:14'),
(90,  'Recusandae enim non veniam.',  1,  9,  1,  27, 552,  'Sapiente corporis quam temporibus beatae quaerat aut aut dolor omnis dolores maiores doloremque pariatur incidunt ducimus aspernatur eaque dolor et.', NULL, NULL, 'recusandae-enim-non-veniam', 'p',  '1',  '', '2017-09-24 03:46:14',  '2017-09-24 03:46:14'),
(91,  'Voluptas et id hic optio.',  1,  4,  3,  22, 354,  'Et vero in inventore cupiditate sit officiis aut eveniet corrupti doloribus consequuntur quo voluptatem eum in est quam est velit delectus error tempora pariatur provident praesentium non numquam nemo omnis iste quis dolores sequi.',  NULL, NULL, 'voluptas-et-id-hic-optio', 'p',  '1',  '', '2017-09-24 03:46:14',  '2017-09-24 03:46:14'),
(92,  'Libero quis debitis odit.',  3,  10, 3,  34, 328,  'Omnis vel nam et nostrum quo optio cupiditate saepe similique qui unde delectus et facilis magni exercitationem error et tenetur sed id illum libero velit.',  NULL, NULL, 'libero-quis-debitis-odit', 'p',  '1',  '', '2017-09-24 03:46:15',  '2017-09-24 03:46:15'),
(93,  'Quia qui et quas quis.', 3,  4,  3,  16, 596,  'Vitae sequi quo repudiandae sunt sunt enim ea recusandae quis id dolorem ducimus sint accusamus omnis odio et distinctio nulla eius libero cupiditate consequatur tempore consectetur voluptate iusto in eius consequatur ipsam rerum est modi neque sed illum.',  NULL, NULL, 'quia-qui-et-quas-quis',  'p',  '1',  '', '2017-09-24 03:46:15',  '2017-09-24 03:46:15'),
(94,  'Illo qui odit alias.', 3,  9,  1,  23, 365,  'Magni quisquam error quod harum rerum totam sunt veniam optio tempora dolores quisquam unde nobis dolorum quisquam ut quia et quia minus accusantium nemo fugit quas iure sunt culpa aliquid possimus et eaque voluptatibus ut et ea quas dolores repellendus vel maiores.', NULL, NULL, 'illo-qui-odit-alias',  'p',  '1',  '', '2017-09-24 03:46:15',  '2017-09-24 03:46:15'),
(95,  'Cum sit esse et in tempora.',  2,  7,  1,  34, 408,  'Quia est quia explicabo quo quas quis quibusdam nemo illo et et dolore et vel ut nisi ad ut impedit et cum eius magnam et debitis et nemo et quo.',  NULL, NULL, 'cum-sit-esse-et-in-tempora', 'p',  '1',  '', '2017-09-24 03:46:15',  '2017-09-24 03:46:15'),
(96,  'Quia porro sed nihil maxime.', 3,  7,  2,  14, 66, 'Numquam aut veniam magnam facere pariatur est suscipit nostrum dolores fuga eum quos amet ut cupiditate quibusdam modi tenetur soluta dignissimos provident molestiae qui sequi amet aut ad odio minima non ipsam officiis et quae.',  NULL, NULL, 'quia-porro-sed-nihil-maxime',  'p',  '1',  '', '2017-09-24 03:46:15',  '2017-09-24 03:46:15'),
(97,  'Quia dolorum quidem id quia.', 3,  5,  2,  23, 390,  'Voluptas aut commodi et omnis deleniti nemo qui hic ipsum tempora veniam nemo saepe sit saepe ut qui cupiditate.', NULL, NULL, 'quia-dolorum-quidem-id-quia',  'p',  '1',  '', '2017-09-24 03:46:15',  '2017-09-24 03:46:15'),
(98,  'Sit omnis consequatur qui et.',  1,  6,  1,  4,  212,  'In impedit sunt rem qui qui autem ex voluptas et aperiam ipsum consequatur ut nostrum assumenda exercitationem saepe illo et ab velit delectus et qui officia quis optio dolorem aut voluptatem in asperiores quisquam voluptas.', NULL, NULL, 'sit-omnis-consequatur-qui-et', 'p',  '1',  '', '2017-09-24 03:46:15',  '2017-09-24 03:46:15'),
(99,  'Libero in ut neque porro.',  1,  9,  3,  3,  555,  'Accusamus dolorem saepe ipsum molestiae nulla tenetur ipsa perferendis eum est odio quos aut nobis est quae accusamus enim reprehenderit deserunt sint.',  NULL, NULL, 'libero-in-ut-neque-porro', 'p',  '1',  '', '2017-09-24 03:46:15',  '2017-09-24 03:46:15'),
(100, 'Ea minima tenetur labore a.',  2,  8,  3,  25, 247,  'Dicta rerum est necessitatibus quis odio perferendis dolor laboriosam omnis sit et libero incidunt officiis et libero quia in.', NULL, NULL, 'ea-minima-tenetur-labore-a', 'p',  '1',  '', '2017-09-24 03:46:15',  '2017-09-24 03:46:15'),
(101, 'Voluptas sit sit harum iste.', 2,  11, 2,  28, 626,  'Aut cum quaerat dolores laudantium deserunt ea aut repellendus et ipsam corporis magni sint adipisci ex numquam sed sit assumenda dignissimos sed.', NULL, NULL, 'voluptas-sit-sit-harum-iste',  'p',  '1',  '', '2017-09-24 03:46:15',  '2017-09-24 03:46:15'),
(102, 'Minus unde commodi vitae.',  3,  6,  1,  8,  656,  'Voluptatem dolor sunt neque aut rerum hic dolores aut in in magni eum aut ut eum exercitationem quaerat mollitia magni laboriosam incidunt sit.',  NULL, NULL, 'minus-unde-commodi-vitae', 'p',  '1',  '', '2017-09-24 03:46:15',  '2017-09-24 03:46:15'),
(103, 'Nobis earum eligendi neque.',  3,  3,  1,  21, 71, 'Adipisci ipsa ad aperiam qui rerum voluptate qui totam eos non dolor non natus doloremque minima adipisci omnis minus eius non dolorum.',  NULL, NULL, 'nobis-earum-eligendi-neque', 'p',  '1',  '', '2017-09-24 03:46:15',  '2017-09-24 03:46:15'),
(104, 'Omnis praesentium ut sunt.', 2,  6,  1,  36, 134,  'Eveniet excepturi consequatur nesciunt debitis qui distinctio odit quae dignissimos nam recusandae voluptatibus soluta nemo ut doloribus tempora quos expedita deleniti aut incidunt aut est ut reprehenderit molestias quis dolores quas omnis rerum molestiae ratione excepturi omnis.', NULL, NULL, 'omnis-praesentium-ut-sunt',  'p',  '1',  '', '2017-09-24 03:46:15',  '2017-09-24 03:46:15'),
(105, 'Expedita aut iste saepe.', 3,  4,  1,  13, 260,  'Veritatis est velit odit eum provident suscipit commodi deleniti consectetur aut reprehenderit consequatur dolorem ipsam quam quaerat earum possimus ad recusandae tempora provident dicta cupiditate laborum modi quibusdam sint fugit aperiam occaecati sunt ipsam vel et sunt esse.', NULL, NULL, 'expedita-aut-iste-saepe',  'p',  '1',  '', '2017-09-24 03:46:15',  '2017-09-24 03:46:15'),
(106, 'Nam porro natus quidem.',  1,  3,  3,  15, 492,  'Atque est similique ea enim ut rerum autem hic iste omnis voluptatibus adipisci quisquam odio reprehenderit asperiores deserunt fugit non officia.', NULL, NULL, 'nam-porro-natus-quidem', 'p',  '1',  '', '2017-09-24 03:46:15',  '2017-09-24 03:46:15'),
(107, 'Ut est modi cum accusantium.', 3,  8,  2,  14, 623,  'Et cupiditate et cum nulla eos excepturi laboriosam accusamus quam sit fuga et a fuga ipsam velit fugit qui expedita eum non distinctio cupiditate sapiente maxime neque facere dolor eos est accusantium eius ipsum omnis veniam non sit ab vel omnis.',  NULL, NULL, 'ut-est-modi-cum-accusantium',  'p',  '1',  '', '2017-09-24 03:46:15',  '2017-09-24 03:46:15'),
(108, 'Et iusto architecto qui.', 1,  6,  3,  30, 247,  'Quia quos rerum hic ut vel sit ut nesciunt ut quisquam voluptas molestiae ea odio sed rerum perferendis laboriosam sit.',  NULL, NULL, 'et-iusto-architecto-qui',  'p',  '1',  '', '2017-09-24 03:46:15',  '2017-09-24 03:46:15'),
(109, 'Ut soluta eum dolores.', 3,  11, 3,  8,  70, 'Fugit qui ut laborum aliquid qui quia quisquam nemo officia sed eius autem sed rerum dolorem labore facere eveniet dolore autem ipsam ut qui aut.',  NULL, NULL, 'ut-soluta-eum-dolores',  'p',  '1',  '', '2017-09-24 03:46:15',  '2017-09-24 03:46:15'),
(110, 'Vel eligendi officia id.', 2,  2,  2,  31, 207,  'Non nihil nihil architecto nesciunt exercitationem ea exercitationem est atque temporibus labore impedit incidunt labore temporibus dolore perferendis quas dolorem aut a est et eaque eum et dicta autem laborum et recusandae fugiat.',  NULL, NULL, 'vel-eligendi-officia-id',  'p',  '1',  '', '2017-09-24 03:46:15',  '2017-09-24 03:46:15'),
(111, 'Rerum id nobis nobis eos.',  1,  4,  3,  32, 698,  'Dolores qui aut consectetur quisquam harum aut aut fugit nulla consequatur consequatur eaque et sit vel quia eaque ea omnis distinctio adipisci dolorum ea velit at.', NULL, NULL, 'rerum-id-nobis-nobis-eos', 'p',  '1',  '', '2017-09-24 03:46:15',  '2017-09-24 03:46:15'),
(112, 'Quasi pariatur dolor velit.',  2,  4,  3,  6,  678,  'Quia et et velit sed esse molestiae voluptate amet at voluptatem aut nesciunt rerum ut tempore sit iste ut aliquid veritatis inventore est est eum ipsa ea cupiditate aut non rem minus incidunt blanditiis illum velit et dolor dolores dolores.',  NULL, NULL, 'quasi-pariatur-dolor-velit', 'p',  '1',  '', '2017-09-24 03:46:15',  '2017-09-24 03:46:15'),
(113, 'Ex magni et atque.', 3,  3,  1,  31, 547,  'Quisquam ut minima modi totam accusamus dolorem magni et nesciunt nisi exercitationem iste et vel sunt est quis modi accusantium provident delectus sint nihil error beatae eveniet repellendus quaerat possimus possimus aliquid non maiores architecto est voluptates et deserunt qui.', NULL, NULL, 'ex-magni-et-atque',  'p',  '1',  '', '2017-09-24 03:46:15',  '2017-09-24 03:46:15'),
(114, 'Animi odio quia voluptas.',  1,  9,  1,  13, 485,  'Placeat magni voluptas pariatur et doloribus quis cumque in explicabo debitis est velit quia similique et ut repudiandae ea omnis expedita sed quisquam eligendi magnam quidem quis in accusamus.',  NULL, NULL, 'animi-odio-quia-voluptas', 'p',  '1',  '', '2017-09-24 03:46:16',  '2017-09-24 03:46:16'),
(115, 'A qui alias aut vitae.', 2,  1,  1,  18, 74, 'Dignissimos iure dolore aut similique officia alias voluptatum est rerum facere soluta corporis qui labore autem harum autem eos eligendi odit aspernatur eveniet non nulla alias nemo adipisci voluptate eum dolorem neque ut sed perspiciatis et.',  NULL, NULL, 'a-qui-alias-aut-vitae',  'p',  '1',  '', '2017-09-24 03:46:16',  '2017-09-24 03:46:16'),
(116, 'Et non quia in eius.', 1,  1,  2,  23, 467,  'Voluptatum alias reiciendis dolor sunt et illum temporibus ut harum quis odio natus et voluptatem nesciunt quibusdam nulla est eum quis eos labore quia enim sunt earum nemo id quisquam id non et sit pariatur placeat aut exercitationem.',  NULL, NULL, 'et-non-quia-in-eius',  'p',  '1',  '', '2017-09-24 03:46:16',  '2017-09-24 03:46:16'),
(117, 'Repudiandae vel quia est.',  3,  8,  3,  2,  245,  'Debitis illum architecto mollitia et omnis deleniti animi eaque numquam explicabo deserunt reiciendis dolorem et corporis possimus quae nemo reiciendis nesciunt eligendi officiis animi nobis eligendi neque vitae cupiditate nulla eius et voluptas et fugit eveniet tempora magni eveniet sequi culpa atque.',  NULL, NULL, 'repudiandae-vel-quia-est', 'p',  '1',  '', '2017-09-24 03:46:16',  '2017-09-24 03:46:16'),
(118, 'Ipsam ut error consequatur.',  2,  1,  2,  11, 567,  'Eaque veritatis saepe saepe maxime perspiciatis et doloremque quod tempora rerum numquam sunt et cupiditate quas incidunt magni consequatur provident esse libero sed molestias ea qui minima eum soluta nostrum maxime autem rerum unde atque dicta iusto.',  NULL, NULL, 'ipsam-ut-error-consequatur', 'p',  '1',  '', '2017-09-24 03:46:16',  '2017-09-24 03:46:16'),
(119, 'Est modi dolores ipsam rerum.',  3,  7,  3,  21, 290,  'Quia ducimus est ullam sequi voluptas dignissimos distinctio corporis sed dolorum a quas facere dolor tempora consequuntur aut quasi temporibus architecto repudiandae id optio error omnis recusandae ea eius minima voluptatem recusandae eius neque dolor tempora sunt dolorem quaerat.', NULL, NULL, 'est-modi-dolores-ipsam-rerum', 'p',  '1',  '', '2017-09-24 03:46:16',  '2017-09-24 03:46:16'),
(120, 'Cupiditate ut et voluptas.', 2,  8,  2,  16, 184,  'Fugiat beatae non dolores dolorem possimus est facilis aut pariatur doloremque et iusto et nihil atque debitis possimus voluptate ut porro quod accusantium sapiente optio quam fuga occaecati quia ducimus numquam et eum temporibus animi odio.',  NULL, NULL, 'cupiditate-ut-et-voluptas',  'p',  '1',  '', '2017-09-24 03:46:16',  '2017-09-24 03:46:16'),
(121, 'Ut debitis unde sit aliquid.', 1,  9,  1,  11, 299,  'Fuga quaerat in vero perspiciatis doloremque voluptatem vero explicabo minus reprehenderit vel voluptatum enim quia qui officiis minus fugit delectus ut officia.',  NULL, NULL, 'ut-debitis-unde-sit-aliquid',  'p',  '1',  '', '2017-09-24 03:46:16',  '2017-09-24 03:46:16'),
(122, 'Aperiam error similique sed.', 1,  7,  3,  18, 538,  'Officiis quaerat temporibus ex deleniti quo voluptates eveniet quo qui veritatis in doloremque libero quia maiores et ut impedit explicabo officia quae et perspiciatis qui dicta blanditiis quia porro aut expedita a eum at rerum.', NULL, NULL, 'aperiam-error-similique-sed',  'p',  '1',  '', '2017-09-24 03:46:16',  '2017-09-24 03:46:16'),
(123, 'Nostrum quis saepe sit earum.',  2,  5,  3,  3,  177,  'Quae omnis delectus laudantium omnis tenetur ipsa consectetur aperiam corporis quibusdam et totam omnis tempore nostrum sint esse est magnam omnis exercitationem accusamus sint enim ut facilis doloribus rerum dolor qui voluptatibus ut.',  NULL, NULL, 'nostrum-quis-saepe-sit-earum', 'p',  '1',  '', '2017-09-24 03:46:16',  '2017-09-24 03:46:16'),
(124, 'Aut cum autem ad iusto.',  2,  2,  3,  2,  438,  'Est illum sed accusamus exercitationem ipsam ratione velit quidem quia voluptatem corporis qui quia dolorum nihil et incidunt fugit dolores minima distinctio repellat qui labore aut est repellat minima explicabo.', NULL, NULL, 'aut-cum-autem-ad-iusto', 'p',  '1',  '', '2017-09-24 03:46:16',  '2017-09-24 03:46:16'),
(125, 'Et odit esse asperiores.', 2,  4,  3,  5,  602,  'Consequatur rerum iusto et est ea similique illo incidunt corrupti nisi esse quo eveniet autem commodi ipsam quia laudantium modi ut sed inventore assumenda esse vitae molestiae assumenda dignissimos omnis dolorum ducimus commodi rem libero necessitatibus doloremque eos quia quod.',  NULL, NULL, 'et-odit-esse-asperiores',  'p',  '1',  '', '2017-09-24 03:46:16',  '2017-09-24 03:46:16'),
(126, 'Rem qui est delectus cum.',  1,  11, 2,  22, 177,  'Quos et et commodi quam aut repellat pariatur perferendis cum molestiae et enim est ut commodi velit officia sunt aliquid quasi sunt eos eum ut animi quidem.',  NULL, NULL, 'rem-qui-est-delectus-cum', 'p',  '1',  '', '2017-09-24 03:46:16',  '2017-09-24 03:46:16'),
(127, 'Velit ut ad facere.',  3,  5,  2,  17, 590,  'Quod enim libero nostrum architecto qui voluptates labore ex id officia est est magni dolor omnis expedita deleniti repellat quis ut ea vero deserunt in ut dolores quisquam sint consequatur corporis aliquid tenetur vitae eaque quidem aperiam voluptatem.',  NULL, NULL, 'velit-ut-ad-facere', 'p',  '1',  '', '2017-09-24 03:46:16',  '2017-09-24 03:46:16'),
(128, 'Rem saepe nam commodi modi.',  3,  7,  1,  26, 502,  'Rerum id qui voluptatem provident accusantium ratione aliquam nihil consectetur dignissimos aut fuga saepe inventore eos deleniti ut et est labore dolorem in exercitationem nisi laboriosam esse sint cumque unde magni quae aut doloribus impedit dolorem iste inventore.',  NULL, NULL, 'rem-saepe-nam-commodi-modi', 'p',  '1',  '', '2017-09-24 03:46:16',  '2017-09-24 03:46:16'),
(129, 'Esse qui ut provident.', 3,  5,  2,  14, 199,  'Dolores aut dolorem reprehenderit reiciendis quia illum in assumenda totam est reiciendis numquam veritatis non perspiciatis dolorem iste veritatis expedita commodi assumenda sapiente est laboriosam consequatur et at quis itaque corporis omnis eligendi vitae rem quia veritatis maxime quasi qui.',  NULL, NULL, 'esse-qui-ut-provident',  'p',  '1',  '', '2017-09-24 03:46:16',  '2017-09-24 03:46:16'),
(130, 'In maxime reiciendis velit.',  3,  7,  1,  5,  310,  'Saepe eligendi voluptatem et dolor velit commodi sunt tempora ullam qui numquam aspernatur ullam ut totam qui eius ea doloribus impedit similique sequi possimus.',  NULL, NULL, 'in-maxime-reiciendis-velit', 'p',  '1',  '', '2017-09-24 03:46:16',  '2017-09-24 03:46:16'),
(131, 'Excepturi et voluptas illo.',  1,  10, 2,  3,  265,  'Nulla consequatur dolorem cupiditate odit et in ab sed commodi velit ex voluptas veniam earum excepturi et illo assumenda sit et earum minus quibusdam excepturi debitis sed.',  NULL, NULL, 'excepturi-et-voluptas-illo', 'p',  '1',  '', '2017-09-24 03:46:16',  '2017-09-24 03:46:16'),
(132, 'Cum est est perferendis ut.',  1,  6,  1,  11, 279,  'Non et omnis magni est natus laboriosam porro ut dolore in voluptas excepturi odio eveniet qui ipsam neque pariatur dicta distinctio doloremque dolor dolorem est ipsam neque ea corporis ullam repellendus nihil architecto enim.', NULL, NULL, 'cum-est-est-perferendis-ut', 'p',  '1',  '', '2017-09-24 03:46:16',  '2017-09-24 03:46:16'),
(133, 'Nisi tenetur et neque.', 1,  5,  1,  21, 88, 'Tenetur nam natus est quis maxime dolorem odit quae tenetur aut et dolores in cum recusandae quis rerum repellat officia.',  NULL, NULL, 'nisi-tenetur-et-neque',  'p',  '1',  '', '2017-09-24 03:46:16',  '2017-09-24 03:46:16'),
(134, 'Quia dolores et eum dolores.', 3,  10, 2,  22, 535,  'Cumque ut voluptatibus officia atque numquam nam est placeat asperiores quia non id voluptatibus dolore quibusdam animi eaque nihil molestiae fugit corporis odio hic.', NULL, NULL, 'quia-dolores-et-eum-dolores',  'p',  '1',  '', '2017-09-24 03:46:16',  '2017-09-24 03:46:16'),
(135, 'Et omnis itaque eum nihil et.',  2,  1,  2,  27, 376,  'In eum sit eum deleniti ut ab voluptatem ratione ea et velit repellendus occaecati consequatur omnis ipsam earum molestiae blanditiis sed praesentium dolor amet sit a non voluptate tempora recusandae occaecati velit impedit et qui eaque labore consequatur nulla dolorum voluptate.', NULL, NULL, 'et-omnis-itaque-eum-nihil-et', 'p',  '1',  '', '2017-09-24 03:46:16',  '2017-09-24 03:46:16'),
(136, 'Est non eum est veritatis ab.',  2,  5,  1,  35, 515,  'Officia eius quis nam quam sit natus ut nihil maxime itaque sapiente corporis iure est sunt modi molestiae distinctio molestiae repellendus aperiam quos porro.',  NULL, NULL, 'est-non-eum-est-veritatis-ab', 'p',  '1',  '', '2017-09-24 03:46:16',  '2017-09-24 03:46:16'),
(137, 'Sit quas aut ut.', 2,  8,  1,  33, 600,  'Non rerum officia sit et explicabo corporis accusamus rerum vitae cum delectus consequatur suscipit fuga iste et quos possimus tempore dolores maiores.',  NULL, NULL, 'sit-quas-aut-ut',  'p',  '1',  '', '2017-09-24 03:46:16',  '2017-09-24 03:46:16'),
(138, 'At numquam et et.',  1,  4,  2,  18, 690,  'Aspernatur qui omnis quis minus dolores quisquam totam et error nam maiores facere itaque dolores sapiente earum vel quos repellat aut eum quisquam.', NULL, NULL, 'at-numquam-et-et', 'p',  '1',  '', '2017-09-24 03:46:17',  '2017-09-24 03:46:17'),
(139, 'Eaque iure id et et.', 2,  4,  3,  12, 183,  'Quos sunt molestiae sint reiciendis adipisci labore reiciendis est reiciendis consequuntur beatae at quae non optio rerum et explicabo reprehenderit illum.',  NULL, NULL, 'eaque-iure-id-et-et',  'p',  '1',  '', '2017-09-24 03:46:17',  '2017-09-24 03:46:17'),
(140, 'Sed quae ut totam itaque ut.', 3,  10, 1,  4,  327,  'Et architecto sapiente eaque quod vel minus quasi ipsam quod ut aut et autem pariatur hic reprehenderit nisi sint autem ab architecto quisquam magnam animi doloribus molestiae iusto dignissimos fugit commodi.', NULL, NULL, 'sed-quae-ut-totam-itaque-ut',  'p',  '1',  '', '2017-09-24 03:46:17',  '2017-09-24 03:46:17'),
(142, 'Facere ex quia aliquid.',  1,  9,  1,  35, 391,  'Officiis iure labore perspiciatis voluptate fugit laborum quasi quia recusandae nostrum eos enim non nostrum suscipit quas fuga beatae autem minima dolorum nihil quia voluptas ipsa nesciunt et velit autem repudiandae ut sapiente veniam quasi.', NULL, NULL, 'facere-ex-quia-aliquid', 'p',  '1',  '', '2017-09-24 03:46:17',  '2017-09-24 03:46:17'),
(143, 'Et quam ad rerum ipsa et ut.', 1,  6,  1,  25, 312,  'Cupiditate ut expedita est et nobis dolorem ullam maxime voluptatibus est est sint expedita excepturi odio quis ut aut laudantium voluptas soluta alias quae rerum.',  NULL, NULL, 'et-quam-ad-rerum-ipsa-et-ut',  'p',  '1',  '', '2017-09-24 03:46:17',  '2017-09-24 03:46:17'),
(144, 'Enim omnis non impedit in.', 3,  6,  1,  31, 546,  'Explicabo minima placeat enim sunt sint est repellendus ab illo sunt cupiditate officia quod sed explicabo debitis qui perspiciatis modi reiciendis libero fugit voluptatem aut dicta ut voluptatem laborum reprehenderit distinctio aut est est.',  NULL, NULL, 'enim-omnis-non-impedit-in',  'p',  '1',  '', '2017-09-24 03:46:17',  '2017-09-24 03:46:17'),
(145, 'Rerum ut fuga quis nostrum.',  1,  1,  2,  35, 328,  'Nam est debitis ut accusamus beatae et consequatur qui est totam ab est incidunt ipsum quisquam molestiae aliquid veniam est nobis omnis et.', NULL, NULL, 'rerum-ut-fuga-quis-nostrum', 'p',  '1',  '', '2017-09-24 03:46:17',  '2017-09-24 03:46:17'),
(146, 'Eum voluptatem ut dolores et.',  2,  2,  3,  14, 162,  'Veniam ipsa facere numquam saepe provident similique dolore et et voluptate ut laboriosam cupiditate et nemo nihil dolores facere impedit nisi distinctio quisquam facilis et temporibus atque delectus saepe quia asperiores incidunt quia veritatis molestiae.', NULL, NULL, 'eum-voluptatem-ut-dolores-et', 'p',  '1',  '', '2017-09-24 03:46:17',  '2017-09-24 03:46:17'),
(147, 'Cumque qui sunt et rem vitae.',  3,  6,  3,  28, 671,  'Ut soluta asperiores quia doloremque corporis ipsam iusto architecto ut consequatur nemo ut est vel labore aut numquam et sit harum quaerat aliquam exercitationem deleniti ullam rerum qui id non pariatur enim aperiam quod minus blanditiis.',  NULL, NULL, 'cumque-qui-sunt-et-rem-vitae', 'p',  '1',  '', '2017-09-24 03:46:17',  '2017-09-24 03:46:17'),
(148, 'Sed nostrum odio et est.', 2,  10, 3,  26, 50, 'Officia nemo soluta nam et assumenda dicta deleniti est et et blanditiis qui quam repellendus quia consequatur earum mollitia doloremque doloribus minima porro corporis dolorum.',  NULL, NULL, 'sed-nostrum-odio-et-est',  'p',  '1',  '', '2017-09-24 03:46:17',  '2017-09-24 03:46:17'),
(149, 'Iusto enim dolorem animi.',  2,  10, 2,  6,  655,  'Iusto maiores in sit consequatur eligendi et eum est aut neque velit quis nulla corporis et qui ullam similique culpa est nulla enim molestiae repudiandae exercitationem voluptas inventore molestias explicabo fuga ut accusantium qui magnam atque earum sit.', NULL, NULL, 'iusto-enim-dolorem-animi', 'p',  '1',  '', '2017-09-24 03:46:17',  '2017-09-24 03:46:17'),
(150, 'Atque et ducimus inventore.',  1,  3,  3,  22, 545,  'Dolor asperiores nulla omnis asperiores ipsam quas praesentium vitae atque dolorum eum quas distinctio officia quos reiciendis voluptas fugiat vitae.',  NULL, NULL, 'atque-et-ducimus-inventore', 'p',  '1',  '', '2017-09-24 03:46:17',  '2017-09-24 03:46:17'),
(151, 'Ea tempora aut enim maxime.',  1,  1,  1,  5,  165,  'Molestias labore sint dignissimos mollitia et atque aut id consequatur rem et ratione in dolores quisquam error ducimus et.',  NULL, NULL, 'ea-tempora-aut-enim-maxime', 'p',  '1',  '', '2017-09-24 03:46:17',  '2017-09-24 03:46:17'),
(152, 'Est et esse molestiae non.', 1,  4,  3,  26, 571,  'Sed repellat rem eius unde ex eum inventore maxime omnis et exercitationem quasi aut voluptatibus eaque corporis dolorum eum et atque corporis dolore ab molestiae est delectus eos id consequuntur qui quis quo nesciunt illum nostrum animi ut voluptatem alias.', NULL, NULL, 'est-et-esse-molestiae-non',  'p',  '1',  '', '2017-09-24 03:46:17',  '2017-09-24 03:46:17'),
(153, 'Laboriosam est occaecati est.',  1,  8,  1,  33, 410,  'Mollitia sit voluptatum recusandae aut eum esse tempore delectus corrupti ducimus architecto qui sit quam qui explicabo qui facere non rerum inventore eaque alias nesciunt.', NULL, NULL, 'laboriosam-est-occaecati-est', 'p',  '1',  '', '2017-09-24 03:46:17',  '2017-09-24 03:46:17'),
(154, 'Et error et unde et.', 1,  4,  2,  36, 698,  'Explicabo quis rerum quidem debitis perferendis accusamus sint voluptates at dolores quo sed quae animi exercitationem totam ut eligendi excepturi ducimus dolores beatae voluptatem ut aut voluptatem tenetur sit sint illo.',  NULL, NULL, 'et-error-et-unde-et',  'p',  '1',  '', '2017-09-24 03:46:17',  '2017-09-24 03:46:17'),
(155, 'Hic alias ad alias.',  2,  1,  2,  20, 616,  'Sapiente reiciendis eum rerum voluptatem qui illo est quia rerum recusandae aut architecto quae repudiandae reprehenderit eum nihil esse assumenda sunt quasi unde.',  NULL, NULL, 'hic-alias-ad-alias', 'p',  '1',  '', '2017-09-24 03:46:17',  '2017-09-24 03:46:17'),
(156, 'Velit aut facilis ut.',  1,  7,  2,  33, 611,  'Aut esse qui dolore voluptas consectetur in perspiciatis consequuntur qui quam dicta sit qui molestias et deleniti culpa voluptatem unde nam odio veritatis itaque eum reprehenderit assumenda ex accusantium voluptatibus vel ipsa.', NULL, NULL, 'velit-aut-facilis-ut', 'p',  '1',  '', '2017-09-24 03:46:17',  '2017-09-24 03:46:17'),
(157, 'Rerum dolorem aut voluptates.',  2,  4,  3,  9,  320,  'Totam ut pariatur quia et ut velit sit aliquam quos ab totam est et aut accusamus sit harum architecto inventore sunt facilis eum quibusdam sit beatae ex ut tenetur magni doloremque amet mollitia laborum molestiae esse sapiente necessitatibus.',  NULL, NULL, 'rerum-dolorem-aut-voluptates', 'p',  '1',  '', '2017-09-24 03:46:17',  '2017-09-24 03:46:17'),
(158, 'Vel maxime nihil eum.',  1,  8,  1,  23, 567,  'Officia autem rem illo nostrum nemo non dolorem consequatur laudantium harum sequi culpa sit consequuntur voluptas laboriosam qui quae eius veniam ratione vel voluptas non quidem qui enim quibusdam cupiditate amet ducimus expedita quos iste autem et excepturi voluptatum.',  NULL, NULL, 'vel-maxime-nihil-eum', 'p',  '1',  '', '2017-09-24 03:46:17',  '2017-09-24 03:46:17'),
(159, 'Eum voluptas ut qui porro.', 1,  4,  1,  23, 183,  'Atque aut neque qui alias consequatur sed rerum non molestiae voluptatem occaecati animi error provident atque ipsam beatae consequuntur et et ipsa quod fugiat ab expedita dolore nostrum et eligendi.',  NULL, NULL, 'eum-voluptas-ut-qui-porro',  'p',  '1',  '', '2017-09-24 03:46:17',  '2017-09-24 03:46:17'),
(160, 'Nihil ut temporibus non.', 1,  6,  1,  25, 433,  'Dignissimos numquam non quo velit temporibus adipisci et illo ea minus voluptate quisquam delectus ut quia illum sapiente nihil sed et et odit quibusdam distinctio similique repellendus ipsam voluptatem perferendis.',  NULL, NULL, 'nihil-ut-temporibus-non',  'p',  '1',  '', '2017-09-24 03:46:17',  '2017-09-24 03:46:17'),
(161, 'Aut aut ut beatae cupiditate.',  2,  3,  3,  11, 429,  'Ad vitae error non odit qui placeat enim dolorum quam ut voluptas saepe laborum quasi aut totam animi sapiente tempora quibusdam sed sint quidem minus temporibus tempora odio consequuntur quia similique enim corrupti quibusdam.',  NULL, NULL, 'aut-aut-ut-beatae-cupiditate', 'p',  '1',  '', '2017-09-24 03:46:17',  '2017-09-24 03:46:17'),
(162, 'Est eum est maiores.', 3,  5,  1,  32, 648,  'Nihil et temporibus tenetur quas est est tenetur corrupti incidunt nemo maiores minus voluptatibus quis accusamus temporibus dolorem voluptates sequi voluptatum laborum veritatis ducimus laborum ut voluptatem harum exercitationem voluptate animi non voluptatibus.',  NULL, NULL, 'est-eum-est-maiores',  'p',  '1',  '', '2017-09-24 03:46:18',  '2017-09-24 03:46:18'),
(163, 'Qui aliquid labore officia.',  3,  10, 1,  5,  438,  'Corporis esse autem veniam molestiae quia sit eum exercitationem doloremque id molestiae fuga reprehenderit porro vitae quasi enim laudantium aliquid molestias earum.', NULL, NULL, 'qui-aliquid-labore-officia', 'p',  '1',  '', '2017-09-24 03:46:18',  '2017-09-24 03:46:18'),
(164, 'Nulla ea dolorem et.', 3,  3,  2,  29, 323,  'Cum rem in inventore iure eligendi sunt unde rerum aut quia ut corrupti in dicta quo omnis autem qui aut labore ea sed expedita perferendis soluta et voluptatem est.',  NULL, NULL, 'nulla-ea-dolorem-et',  'p',  '1',  '', '2017-09-24 03:46:18',  '2017-09-24 03:46:18'),
(165, 'Itaque beatae illum aut.', 2,  3,  1,  9,  694,  'Voluptatem alias natus animi omnis laborum sequi repellendus voluptate nemo rerum perferendis itaque quis eum aut doloribus sunt totam voluptas molestiae dolorum iure veritatis asperiores dolorem aliquam excepturi voluptate sed quidem quasi provident est commodi harum.',  NULL, NULL, 'itaque-beatae-illum-aut',  'p',  '1',  '', '2017-09-24 03:46:18',  '2017-09-24 03:46:18'),
(166, 'Et sed eum omnis velit.',  1,  8,  1,  10, 514,  'Sit commodi illum reiciendis et magnam ut et porro et quis doloremque magni accusantium incidunt ipsam neque voluptas aut quia a et a quis laborum accusantium non adipisci facilis.', NULL, NULL, 'et-sed-eum-omnis-velit', 'p',  '1',  '', '2017-09-24 03:46:18',  '2017-09-24 03:46:18'),
(167, 'Ad qui officiis quas vel.',  3,  6,  1,  21, 324,  'Deserunt autem sapiente et qui accusantium excepturi placeat porro at saepe eos laborum reprehenderit eos alias ut sed fuga saepe dolore deserunt placeat ipsam unde vero delectus animi.',  NULL, NULL, 'ad-qui-officiis-quas-vel', 'p',  '1',  '', '2017-09-24 03:46:18',  '2017-09-24 03:46:18'),
(168, 'At distinctio rerum quae.',  3,  9,  1,  35, 605,  'Magnam repellat dolores velit repellat nihil esse voluptatum qui enim ipsa est quaerat omnis officia dolore reprehenderit consequatur quas odio at velit magnam quia illo cum inventore quia quas.', NULL, NULL, 'at-distinctio-rerum-quae', 'p',  '1',  '', '2017-09-24 03:46:18',  '2017-09-24 03:46:18'),
(169, 'Ad esse expedita qui porro.',  2,  6,  3,  15, 152,  'Eveniet mollitia labore asperiores rerum itaque rerum voluptatem minus sit ipsam voluptatibus unde eaque distinctio iure eius magnam qui quidem occaecati sit quidem et molestiae id placeat aliquid dicta beatae odio et natus.', NULL, NULL, 'ad-esse-expedita-qui-porro', 'p',  '1',  '', '2017-09-24 03:46:18',  '2017-09-24 03:46:18'),
(170, 'Alias sit sunt voluptas.', 1,  2,  1,  8,  230,  'Eius ullam odit sit iste sed dolor vero a in aut ut in et labore nisi expedita labore optio suscipit dolorum enim.', NULL, NULL, 'alias-sit-sunt-voluptas',  'p',  '1',  '', '2017-09-24 03:46:18',  '2017-09-24 03:46:18'),
(171, 'Illo dolor iure occaecati.', 3,  4,  1,  16, 453,  'Deserunt maxime eum molestiae dolores veritatis est dignissimos qui voluptates quisquam nulla voluptatem dolores fugiat modi enim eveniet distinctio ratione accusamus et voluptatem quam corporis aut culpa et facilis tempore dolor.', NULL, NULL, 'illo-dolor-iure-occaecati',  'p',  '1',  '', '2017-09-24 03:46:18',  '2017-09-24 03:46:18'),
(172, 'Ducimus minima quos quos.',  3,  4,  2,  19, 470,  'Odit commodi quia est esse neque sint repudiandae reprehenderit atque est in facilis fuga necessitatibus dolor sed exercitationem autem aut.', NULL, NULL, 'ducimus-minima-quos-quos', 'p',  '1',  '', '2017-09-24 03:46:18',  '2017-09-24 03:46:18'),
(173, 'Ut illo quos magnam sint.',  3,  11, 1,  30, 530,  'Est alias optio ut similique animi expedita consectetur esse accusamus iste eaque repellendus sunt sint eius odit dolor facere porro amet deserunt quam distinctio earum corporis sed et esse.', NULL, NULL, 'ut-illo-quos-magnam-sint', 'p',  '1',  '', '2017-09-24 03:46:18',  '2017-09-24 03:46:18'),
(174, 'Veniam autem et modi sed.',  1,  4,  1,  7,  113,  'Commodi expedita fuga iusto saepe dolorum nam modi corporis in et consequatur et molestiae saepe quasi et id maxime voluptas voluptas exercitationem consequatur nihil aut nulla.',  NULL, NULL, 'veniam-autem-et-modi-sed', 'p',  '1',  '', '2017-09-24 03:46:18',  '2017-09-24 03:46:18'),
(175, 'Amet ut est vel quo.', 1,  9,  3,  35, 298,  'Ipsa neque deserunt rerum dolores nihil vero voluptas maxime reiciendis libero minima aut sunt exercitationem repudiandae doloribus facilis veniam est iure aliquam inventore illo et aperiam vel sequi saepe ab doloribus et sit explicabo ex iusto qui ut sit omnis dolore ut fugiat.',  NULL, NULL, 'amet-ut-est-vel-quo',  'p',  '1',  '', '2017-09-24 03:46:18',  '2017-09-24 03:46:18'),
(176, 'Magni ducimus eum est.', 3,  1,  2,  7,  346,  'Nisi ea veniam ipsa hic enim nobis in maiores praesentium ab veritatis cupiditate sed fugiat placeat voluptate provident asperiores earum sequi dicta perspiciatis totam tempore eum pariatur quia est recusandae voluptas quia voluptatibus officia veniam autem distinctio ipsa ut eaque harum nesciunt.', NULL, NULL, 'magni-ducimus-eum-est',  'p',  '1',  '', '2017-09-24 03:46:18',  '2017-09-24 03:46:18'),
(177, 'Aliquam tempora atque et.',  3,  2,  3,  20, 371,  'Hic eligendi magnam vel est quidem quia totam magnam et dicta velit atque suscipit repellendus odio eos nostrum qui illum sed et soluta error culpa quos id nulla recusandae quae quis molestiae mollitia cum corporis nihil magnam.', NULL, NULL, 'aliquam-tempora-atque-et', 'p',  '1',  '', '2017-09-24 03:46:18',  '2017-09-24 03:46:18'),
(178, 'Sed et velit tenetur dolorum.',  1,  4,  2,  20, 142,  'Ea laboriosam doloribus consequuntur voluptas commodi consequuntur sapiente veritatis nulla dolorem impedit et eum porro explicabo voluptas voluptas voluptas similique minima nemo ea molestiae et illum repellendus dolorem occaecati doloribus facilis molestiae.', NULL, NULL, 'sed-et-velit-tenetur-dolorum', 'p',  '1',  '', '2017-09-24 03:46:18',  '2017-09-24 03:46:18'),
(179, 'Recusandae culpa sit dolore.', 3,  8,  1,  33, 54, 'Eos ut iure possimus magnam temporibus quasi doloribus alias quod occaecati tempore itaque optio quisquam fugiat assumenda quisquam ea dolorum qui ut possimus dolorem in rerum harum et incidunt vitae quis maxime omnis enim.',  NULL, NULL, 'recusandae-culpa-sit-dolore',  'p',  '1',  '', '2017-09-24 03:46:18',  '2017-09-24 03:46:18'),
(180, 'Quam optio est voluptas.', 3,  5,  2,  25, 574,  'Voluptatem repellendus aperiam doloribus veritatis perferendis ut ipsum explicabo fugit eum reiciendis molestias voluptatem ullam cum voluptatem deleniti natus aut quam asperiores occaecati aperiam in beatae recusandae quis voluptate sunt commodi id dolor eaque explicabo asperiores vitae.',  NULL, NULL, 'quam-optio-est-voluptas',  'p',  '1',  '', '2017-09-24 03:46:18',  '2017-09-24 03:46:18'),
(181, 'Deserunt et odit velit.',  3,  6,  2,  31, 620,  'In sit qui quam dolorum dignissimos eos nulla architecto iste ab incidunt perferendis est eveniet ab omnis et perferendis vel id harum ut et consequatur.',  NULL, NULL, 'deserunt-et-odit-velit', 'p',  '1',  '', '2017-09-24 03:46:18',  '2017-09-24 03:46:18'),
(182, 'A modi doloribus ea ipsum.', 3,  2,  3,  27, 73, 'Fuga temporibus ut sed ut ex sed vero architecto perferendis voluptas ex minima sequi nam optio at dolores doloremque voluptas in eum voluptas consequuntur et est dolorum sint neque ad ipsum sit molestiae nesciunt voluptas dicta molestiae voluptatem et dolores unde id.',  NULL, NULL, 'a-modi-doloribus-ea-ipsum',  'p',  '1',  '', '2017-09-24 03:46:19',  '2017-09-24 03:46:19'),
(183, 'Ratione iusto porro natus.', 1,  8,  3,  33, 423,  'Omnis neque expedita suscipit nisi non qui tenetur praesentium vero quibusdam cum reiciendis ut a harum modi accusantium est facilis ea beatae sed eum temporibus odio accusamus.',  NULL, NULL, 'ratione-iusto-porro-natus',  'p',  '1',  '', '2017-09-24 03:46:19',  '2017-09-24 03:46:19'),
(184, 'Mollitia sit qui non.',  3,  2,  3,  12, 594,  'Quia distinctio quaerat sed sit harum esse voluptas ut quaerat velit aliquam temporibus sed et quo aliquid maiores maxime sed quo repellat cum et nihil maiores rem ipsa velit explicabo et nemo quia voluptate laboriosam enim.', NULL, NULL, 'mollitia-sit-qui-non', 'p',  '1',  '', '2017-09-24 03:46:19',  '2017-09-24 03:46:19'),
(185, 'Quas ea eum dicta est.', 3,  7,  2,  1,  203,  'Ea cum voluptatum et fugit tenetur sint blanditiis enim et adipisci qui repellendus quis voluptatum sint ipsam consequuntur est et quisquam voluptatibus eos ipsum a consequatur accusamus consequatur illo qui vitae at esse est.', NULL, NULL, 'quas-ea-eum-dicta-est',  'p',  '1',  '', '2017-09-24 03:46:19',  '2017-09-24 03:46:19'),
(186, 'Vero velit libero error.', 2,  9,  2,  16, 177,  'Iste laudantium pariatur sunt velit non debitis reprehenderit occaecati dolor et iure quasi aspernatur aliquam assumenda inventore fuga earum officiis facere autem quo unde veritatis molestiae aut cupiditate accusamus ad omnis totam aut recusandae repellat quia quam cupiditate voluptatibus quo vero sunt.',  NULL, NULL, 'vero-velit-libero-error',  'p',  '1',  '', '2017-09-24 03:46:19',  '2017-09-24 03:46:19'),
(187, 'Qui deleniti quasi repellat.', 3,  7,  2,  16, 649,  'Ducimus sit voluptatem et facilis ad incidunt architecto corrupti molestiae repellat rerum magni non porro sed beatae dolore ipsum eius illo cupiditate modi voluptas magni non id perferendis nemo tempore sit cum quae ut aliquam incidunt expedita ut a illo.', NULL, NULL, 'qui-deleniti-quasi-repellat',  'p',  '1',  '', '2017-09-24 03:46:19',  '2017-09-24 03:46:19'),
(188, 'Qui optio quis sed soluta.', 1,  4,  1,  1,  412,  'Unde voluptas eius et optio aliquam labore voluptate dolores officiis amet necessitatibus id expedita expedita quisquam et atque architecto cupiditate explicabo voluptatibus corrupti autem iste.', NULL, NULL, 'qui-optio-quis-sed-soluta',  'p',  '1',  '', '2017-09-24 03:46:19',  '2017-09-24 03:46:19'),
(189, 'Aut nam voluptatem ea ea sit.',  3,  10, 3,  2,  391,  'Et quis et sed rerum sunt minima eum nostrum eum dolorum asperiores inventore commodi aut quos rerum veritatis ipsa odit aliquam facilis recusandae dolor natus vero perspiciatis accusamus.', NULL, NULL, 'aut-nam-voluptatem-ea-ea-sit', 'p',  '1',  '', '2017-09-24 03:46:19',  '2017-09-24 03:46:19'),
(190, 'Ab fuga et tempore quia.', 3,  9,  3,  31, 365,  'Excepturi accusamus qui qui facere debitis quia non vitae voluptatem veritatis voluptatum aliquam nemo ea tenetur minima ratione eius ut debitis consequatur ducimus sit quaerat inventore consequatur error sit dolore.', NULL, NULL, 'ab-fuga-et-tempore-quia',  'p',  '1',  '', '2017-09-24 03:46:19',  '2017-09-24 03:46:19'),
(191, 'Illo sed aut vel.',  1,  9,  3,  1,  358,  'Voluptatem quos harum tenetur repellendus aliquid necessitatibus aut neque qui voluptates excepturi omnis in dolore et ad esse facilis dolor rerum cupiditate illum quia in rem necessitatibus repudiandae sapiente voluptas architecto nihil cumque in eius cupiditate nisi ad aut inventore dolorem.', NULL, NULL, 'illo-sed-aut-vel', 'p',  '1',  '', '2017-09-24 03:46:19',  '2017-09-24 03:46:19'),
(192, 'Ut quod hic rem sed velit.', 3,  4,  2,  19, 407,  'Rem molestiae aperiam occaecati et cupiditate nemo ea itaque voluptates quidem hic qui ipsum et molestias ducimus in consequatur dolor et cum placeat aut adipisci sit non voluptas voluptatem incidunt vero quo vitae ut autem.', NULL, NULL, 'ut-quod-hic-rem-sed-velit',  'p',  '1',  '', '2017-09-24 03:46:19',  '2017-09-24 03:46:19'),
(193, 'Recusandae illo et non et.', 1,  9,  3,  13, 478,  'Atque numquam quia qui dicta repellat velit omnis voluptatem autem ratione at aut est dolorem qui reprehenderit voluptatem recusandae dolorem explicabo distinctio incidunt ea occaecati molestias in dolore ad mollitia ut eum voluptas voluptates similique voluptatem provident non provident ducimus eligendi.', NULL, NULL, 'recusandae-illo-et-non-et',  'p',  '1',  '', '2017-09-24 03:46:19',  '2017-09-24 03:46:19'),
(194, 'Et ipsum harum neque.',  3,  8,  2,  33, 451,  'Sit rerum sint aspernatur molestias in totam est sed eos doloremque vel est libero quisquam voluptate ab tempora adipisci.', NULL, NULL, 'et-ipsum-harum-neque', 'p',  '1',  '', '2017-09-24 03:46:19',  '2017-09-24 03:46:19'),
(195, 'Unde et nostrum maxime vitae.',  2,  11, 3,  32, 238,  'Blanditiis ipsa necessitatibus aut molestiae magnam natus iusto saepe deleniti pariatur rerum nobis nihil deleniti id voluptate quia labore qui dolor officia quasi.', NULL, NULL, 'unde-et-nostrum-maxime-vitae', 'p',  '1',  '', '2017-09-24 03:46:19',  '2017-09-24 03:46:19'),
(196, 'Qui quas quidem nobis eaque.', 3,  1,  1,  1,  541,  'In voluptatem nemo laboriosam quae soluta optio ducimus et sit quibusdam dolores dolorem voluptatibus repudiandae dolor eveniet sit quia ipsa quia suscipit reiciendis praesentium similique ut enim est quisquam suscipit neque.',  NULL, NULL, 'qui-quas-quidem-nobis-eaque',  'p',  '1',  '', '2017-09-24 03:46:19',  '2017-09-24 03:46:19'),
(197, 'Ipsa sit quis eum earum.', 2,  1,  1,  29, 126,  'Et quia inventore illo quia possimus porro perspiciatis sit sapiente nulla reprehenderit ratione sit pariatur corrupti esse dicta voluptatum recusandae expedita est enim laudantium vero.', NULL, NULL, 'ipsa-sit-quis-eum-earum',  'p',  '1',  '', '2017-09-24 03:46:19',  '2017-09-24 03:46:19'),
(198, 'Odio eos aut voluptatem.', 2,  2,  1,  20, 133,  'Quis vel perferendis aut qui consectetur eius dignissimos exercitationem hic perspiciatis nihil repellendus distinctio ut temporibus vel qui sed voluptatibus vitae fuga et rerum nisi iure eum harum quibusdam occaecati molestiae et temporibus ad laborum iure.', NULL, NULL, 'odio-eos-aut-voluptatem',  'p',  '1',  '', '2017-09-24 03:46:19',  '2017-09-24 03:46:19'),
(199, 'Aut id tempora tempora animi.',  3,  9,  1,  6,  300,  'Tempore et nihil odio explicabo nam voluptas reiciendis sunt eveniet in deserunt autem quaerat praesentium qui dolor sequi maxime dolor.', NULL, NULL, 'aut-id-tempora-tempora-animi', 'p',  '1',  '', '2017-09-24 03:46:19',  '2017-09-24 03:46:19'),
(200, 'Nulla harum et est sit.',  3,  6,  1,  20, 361,  'Voluptas temporibus aut laboriosam deleniti placeat quasi et optio iste itaque necessitatibus aliquid libero omnis rerum repudiandae dignissimos optio asperiores.', NULL, NULL, 'nulla-harum-et-est-sit', 'p',  '1',  '', '2017-09-24 03:46:19',  '2017-09-24 03:46:19'),
(201, 'I am a programmer',  4,  7,  6,  28, 581,  '<p>I love this</p><p><ol><li>go</li><li>and</li><li>sleep</li><li>Thanks</li></ol></p>', NULL, NULL, '', 'p',  '1',  '', '2017-09-24 03:49:06',  '2017-09-24 03:49:06'),
(202, 'Hair stylist', 4,  1,  11, 1,  1,  '<p>Come and make the following types of hairdo</p><p><ol><li>Ipako Elede</li><li>koju soko</li></ol></p>', NULL, NULL, '', 'p',  '1',  '', '2017-09-24 03:50:46',  '2017-09-24 03:50:46'),
(203, 'I am a teacher', 4,  10, 14, 17, 293,  'Come and learn', NULL, NULL, '', 'p',  '1',  '', '2017-09-24 03:51:34',  '2017-09-24 03:51:34'),
(204, 'I am a Pastor',  4,  3,  87, 3,  39, 'Come for your deliverance',  NULL, NULL, '', 'p',  '1',  '', '2017-09-24 03:52:27',  '2017-09-24 03:52:27'),
(205, 'believe me', 1,  7,  6,  2,  18, 'some tinshs jndvjsq',  NULL, NULL, '', 'p',  '1',  NULL, '2017-12-14 21:06:55',  '2017-12-14 21:06:55'),
(206, 'believe me', 1,  7,  6,  2,  18, 'some tinshs jndvjsq',  NULL, NULL, '', 'p',  '1',  NULL, '2017-12-14 21:07:52',  '2017-12-14 21:07:52'),
(207, 'believe me', 1,  7,  6,  2,  18, 'some tinshs jndvjsq',  NULL, NULL, '', 'p',  '1',  NULL, '2017-12-14 21:08:11',  '2017-12-14 21:08:11'),
(208, 'believe me', 1,  7,  6,  2,  18, 'some tinshs jndvjsq',  NULL, NULL, '', 'p',  '1',  NULL, '2017-12-14 21:09:12',  '2017-12-14 21:09:12'),
(209, 'hello',  1,  7,  6,  2,  18, 'kkpppfkngpefne<p><br></p>',  NULL, NULL, 'hello',  'r',  '1',  '3',  '2017-12-26 07:55:41',  '2017-12-26 07:55:41'),
(210, 'olou', 1,  NULL, NULL, NULL, NULL, NULL, NULL, NULL, 'olou', 'r',  '1',  '4',  '2017-12-26 08:47:20',  '2017-12-26 08:47:20'),
(211, 'ol', 1,  NULL, NULL, NULL, NULL, NULL, NULL, NULL, 'ol', 'r',  '1',  '4',  '2017-12-26 08:48:11',  '2017-12-26 08:48:11'),
(212, 'ol', 1,  NULL, NULL, NULL, NULL, NULL, NULL, NULL, 'ol', 'r',  '1',  '4',  '2017-12-26 08:48:31',  '2017-12-26 08:48:31'),
(213, 'ol', 1,  NULL, NULL, NULL, NULL, NULL, NULL, NULL, 'ol', 'r',  '1',  '4',  '2017-12-26 08:49:37',  '2017-12-26 08:49:37'),
(214, 'ol', 1,  NULL, NULL, NULL, NULL, NULL, NULL, NULL, 'ol', 'r',  '1',  '4',  '2017-12-26 08:51:09',  '2017-12-26 08:51:09'),
(215, 'ol', 1,  NULL, NULL, NULL, NULL, NULL, NULL, NULL, 'ol', 'r',  '1',  '4',  '2017-12-26 08:58:50',  '2017-12-26 08:58:50'),
(216, 'ol', 1,  NULL, NULL, NULL, NULL, NULL, NULL, NULL, 'ol', 'r',  '1',  '4',  '2017-12-26 08:59:48',  '2017-12-26 08:59:48'),
(217, 'ol', 1,  NULL, NULL, NULL, NULL, NULL, NULL, NULL, 'ol', 'r',  '1',  '4',  '2017-12-26 09:03:10',  '2017-12-26 09:03:10'),
(218, 'ol', 1,  NULL, NULL, NULL, NULL, NULL, NULL, NULL, 'ol', 'r',  '1',  '4',  '2017-12-26 09:03:54',  '2017-12-26 09:03:54'),
(219, 'ol', 1,  NULL, NULL, NULL, NULL, NULL, NULL, NULL, 'ol', 'r',  '1',  '4',  '2017-12-26 09:04:14',  '2017-12-26 09:04:14'),
(220, 'ol', 1,  NULL, NULL, NULL, NULL, NULL, NULL, NULL, 'ol', 'r',  '1',  '4',  '2017-12-26 09:04:22',  '2017-12-26 09:04:22'),
(221, 'ol', 1,  NULL, NULL, NULL, NULL, NULL, NULL, NULL, 'ol', 'r',  '1',  '4',  '2017-12-26 09:04:47',  '2017-12-26 09:04:47'),
(222, 'ol', 1,  NULL, NULL, NULL, NULL, NULL, NULL, NULL, 'ol', 'r',  '1',  '4',  '2017-12-26 09:05:08',  '2017-12-26 09:05:08'),
(223, 'ol', 1,  NULL, NULL, NULL, NULL, NULL, NULL, NULL, 'ol', 'r',  '1',  '4',  '2017-12-26 09:07:02',  '2017-12-26 09:07:02'),
(224, 'ol', 1,  NULL, NULL, NULL, NULL, NULL, NULL, NULL, 'ol', 'r',  '1',  '4',  '2017-12-26 09:07:11',  '2017-12-26 09:07:11'),
(225, 'ol', 1,  NULL, NULL, NULL, NULL, NULL, NULL, NULL, 'ol', 'r',  '1',  '4',  '2017-12-26 09:07:29',  '2017-12-26 09:07:29'),
(226, 'ol', 1,  NULL, NULL, NULL, NULL, NULL, NULL, NULL, 'ol', 'r',  '1',  '4',  '2017-12-26 09:08:04',  '2017-12-26 09:08:04'),
(227, 'ol', 1,  NULL, NULL, NULL, NULL, NULL, NULL, NULL, 'ol', 'r',  '1',  '4',  '2017-12-26 09:11:22',  '2017-12-26 09:11:22'),
(228, 'ol', 1,  NULL, NULL, NULL, NULL, NULL, NULL, NULL, 'ol', 'r',  '1',  '4',  '2017-12-26 09:11:40',  '2017-12-26 09:11:40'),
(229, 'ol', 1,  NULL, NULL, NULL, NULL, NULL, NULL, NULL, 'ol', 'r',  '1',  '4',  '2017-12-26 09:12:40',  '2017-12-26 09:12:40'),
(230, 'ol', 1,  NULL, NULL, NULL, NULL, NULL, NULL, NULL, 'ol', 'r',  '1',  '4',  '2017-12-26 09:12:57',  '2017-12-26 09:12:57'),
(231, 'ol', 1,  NULL, NULL, NULL, NULL, NULL, NULL, NULL, 'ol', 'r',  '1',  '4',  '2017-12-26 09:14:08',  '2017-12-26 09:14:08'),
(232, 'ol', 1,  NULL, NULL, NULL, NULL, NULL, NULL, NULL, 'ol', 'r',  '1',  '4',  '2017-12-26 09:14:56',  '2017-12-26 09:14:56'),
(233, 'ol', 1,  NULL, NULL, NULL, NULL, NULL, NULL, NULL, 'ol', 'r',  '1',  '4',  '2017-12-26 09:15:28',  '2017-12-26 09:15:28'),
(234, 'ol', 1,  NULL, NULL, NULL, NULL, NULL, NULL, NULL, 'ol', 'r',  '1',  '4',  '2017-12-26 09:17:25',  '2017-12-26 09:17:25'),
(235, 'ol', 1,  NULL, NULL, NULL, NULL, NULL, NULL, NULL, 'ol', 'r',  '1',  '4',  '2017-12-26 09:17:58',  '2017-12-26 09:17:58'),
(236, 'ol', 1,  NULL, NULL, NULL, NULL, NULL, NULL, NULL, 'ol', 'r',  '1',  '4',  '2017-12-26 09:22:29',  '2017-12-26 09:22:29'),
(237, 'ol', 1,  NULL, NULL, NULL, NULL, NULL, NULL, NULL, 'ol', 'r',  '1',  '4',  '2017-12-26 09:25:36',  '2017-12-26 09:25:36'),
(238, 'ol', 1,  NULL, NULL, NULL, NULL, NULL, NULL, NULL, 'ol', 'r',  '1',  '4',  '2017-12-26 09:52:09',  '2017-12-26 09:52:09'),
(239, 'ol', 1,  NULL, NULL, NULL, NULL, NULL, NULL, NULL, 'ol', 'r',  '1',  '4',  '2017-12-26 10:07:52',  '2017-12-26 10:07:52'),
(240, 'ol', 1,  NULL, NULL, NULL, NULL, NULL, NULL, NULL, 'ol', 'r',  '1',  '4',  '2017-12-26 10:08:11',  '2017-12-26 10:08:11'),
(241, 'ol', 1,  NULL, NULL, NULL, NULL, NULL, NULL, NULL, 'ol', 'r',  '1',  '4',  '2017-12-26 10:12:01',  '2017-12-26 10:12:01'),
(242, 'ol', 1,  NULL, NULL, NULL, NULL, NULL, NULL, NULL, 'ol', 'r',  '1',  '4',  '2017-12-26 10:12:26',  '2017-12-26 10:12:26'),
(243, 'ol', 1,  NULL, NULL, NULL, NULL, NULL, NULL, NULL, 'ol', 'r',  '1',  '4',  '2017-12-26 10:14:36',  '2017-12-26 10:14:36'),
(244, 'ol', 1,  NULL, NULL, NULL, NULL, NULL, NULL, NULL, 'ol', 'r',  '1',  '4',  '2017-12-26 10:15:32',  '2017-12-26 10:15:32'),
(245, 'ol', 1,  NULL, NULL, NULL, NULL, NULL, NULL, NULL, 'ol', 'r',  '1',  '4',  '2017-12-26 10:18:29',  '2017-12-26 10:18:29'),
(246, 'ol', 1,  NULL, NULL, NULL, NULL, NULL, NULL, NULL, 'ol', 'r',  '1',  '4',  '2017-12-26 10:29:00',  '2017-12-26 10:29:00'),
(247, 'ol', 1,  NULL, NULL, NULL, NULL, NULL, NULL, NULL, 'ol', 'r',  '1',  '4',  '2017-12-26 10:37:22',  '2017-12-26 10:37:22'),
(248, 'RFWEA',  1,  10, 14, 17, 293,  'ARGAERGAERG',  NULL, NULL, 'rfwea',  'r',  '1',  '3',  '2017-12-28 03:43:26',  '2017-12-28 03:43:26');

DROP TABLE IF EXISTS `settings`;
CREATE TABLE `settings` (
  `sms_api_username` varchar(100) NOT NULL,
  `sms_api_password` varchar(100) NOT NULL,
  `id` int(11) NOT NULL DEFAULT 123
) ENGINE=InnoDB DEFAULT CHARSET=latin1;

INSERT INTO `settings` (`sms_api_username`, `sms_api_password`, `id`) VALUES
('dredsn@gmail.com',  'believe@#%', 123);

DROP TABLE IF EXISTS `socials`;
CREATE TABLE `socials` (
  `id` int(10) unsigned NOT NULL AUTO_INCREMENT,
  `user_id` int(10) unsigned NOT NULL,
  `social_id` varchar(255) COLLATE utf8mb4_unicode_ci NOT NULL,
  `service` varchar(255) COLLATE utf8mb4_unicode_ci NOT NULL,
  `created_at` timestamp NULL DEFAULT NULL,
  `updated_at` timestamp NULL DEFAULT NULL,
  PRIMARY KEY (`id`),
  KEY `service_id` (`social_id`),
  KEY `user_id` (`user_id`),
  CONSTRAINT `socials_ibfk_1` FOREIGN KEY (`user_id`) REFERENCES `users` (`id`) ON DELETE CASCADE
) ENGINE=InnoDB DEFAULT CHARSET=utf8mb4 COLLATE=utf8mb4_unicode_ci COMMENT='Social Login Credentials';

INSERT INTO `socials` (`id`, `user_id`, `social_id`, `service`, `created_at`, `updated_at`) VALUES
(1, 6,  '1609100312446644', 'facebook', '2017-12-28 15:36:11',  '2017-12-28 15:36:11');

DROP TABLE IF EXISTS `states`;
CREATE TABLE `states` (
  `id` int(10) NOT NULL,
  `state` text NOT NULL,
  PRIMARY KEY (`id`)
) ENGINE=InnoDB DEFAULT CHARSET=utf32 COMMENT='States in Nigeria.';

INSERT INTO `states` (`id`, `state`) VALUES
(1, 'Abia State'),
(2, 'Adamawa State'),
(3, 'Akwa Ibom State'),
(4, 'Anambra State'),
(5, 'Bauchi State'),
(6, 'Bayelsa State'),
(7, 'Benue State'),
(8, 'Borno State'),
(9, 'Cross River State'),
(10,  'Delta State'),
(11,  'Ebonyi State'),
(12,  'Edo State'),
(13,  'Ekiti State'),
(14,  'Enugu State'),
(15,  'FCT'),
(16,  'Gombe State'),
(17,  'Imo State'),
(18,  'Jigawa State'),
(19,  'Kaduna State'),
(20,  'Kano State'),
(21,  'Katsina State'),
(22,  'Kebbi State'),
(23,  'Kogi State'),
(24,  'Kwara State'),
(25,  'Lagos State'),
(26,  'Nasarawa State'),
(27,  'Niger State'),
(28,  'Ogun State'),
(29,  'Ondo State'),
(30,  'Osun State'),
(31,  'Oyo State'),
(32,  'Plateau State'),
(33,  'Rivers State'),
(34,  'Sokoto State'),
(35,  'Taraba State'),
(36,  'Yobe State'),
(37,  'Zamfara State');

DROP TABLE IF EXISTS `subcategories`;
CREATE TABLE `subcategories` (
  `id` int(10) unsigned NOT NULL AUTO_INCREMENT,
  `category_id` int(10) unsigned NOT NULL,
  `sub_category` varchar(255) COLLATE utf8mb4_unicode_ci NOT NULL,
  `created_at` timestamp NULL DEFAULT NULL,
  `updated_at` timestamp NULL DEFAULT NULL,
  `slug` varchar(255) COLLATE utf8mb4_unicode_ci DEFAULT NULL,
  PRIMARY KEY (`id`)
) ENGINE=InnoDB DEFAULT CHARSET=utf8mb4 COLLATE=utf8mb4_unicode_ci;

INSERT INTO `subcategories` (`id`, `category_id`, `sub_category`, `created_at`, `updated_at`, `slug`) VALUES
(1, 1,  'Nail Fixing',  NULL, NULL, 'nail-fixing'),
(2, 2,  'Bicycle',  NULL, NULL, 'bicycle'),
(3, 3,  'Shoki Dance',  NULL, NULL, 'shoki-dance'),
(4, 1,  'Another Sub Cat',  NULL, NULL, 'another-sub-cat'),
(5, 11, 'Ipsum.', '2017-09-22 08:48:28',  '2017-09-22 08:48:28',  'ipsum'),
(6, 7,  'Aut.', '2017-09-22 08:48:28',  '2017-09-22 08:48:28',  'aut'),
(7, 9,  'Ex fugit.',  '2017-09-22 08:48:28',  '2017-09-22 08:48:28',  'ex-fugit'),
(8, 3,  'Et iste.', '2017-09-22 08:48:28',  '2017-09-22 08:48:28',  'et-iste'),
(9, 1,  'Iusto.', '2017-09-22 08:48:28',  '2017-09-22 08:48:28',  'iusto'),
(10,  1,  'Nesciunt.',  '2017-09-22 08:48:28',  '2017-09-22 08:48:28',  'nesciunt'),
(11,  1,  'Sint.',  '2017-09-22 08:48:28',  '2017-09-22 08:48:28',  'sint'),
(12,  2,  'Libero.',  '2017-09-22 08:48:28',  '2017-09-22 08:48:28',  'libero'),
(13,  7,  'Beatae.',  '2017-09-22 08:48:28',  '2017-09-22 08:48:28',  'beatae'),
(14,  10, 'At.',  '2017-09-22 08:48:28',  '2017-09-22 08:48:28',  'at'),
(15,  10, 'Et.',  '2017-09-22 08:48:28',  '2017-09-22 08:48:28',  'et'),
(16,  2,  'Ullam.', '2017-09-22 08:48:28',  '2017-09-22 08:48:28',  'ullam'),
(17,  10, 'Ad est.',  '2017-09-22 08:48:28',  '2017-09-22 08:48:28',  'ad-est'),
(18,  7,  'Quae.',  '2017-09-22 08:48:28',  '2017-09-22 08:48:28',  'quae'),
(19,  11, 'Sit sed.', '2017-09-22 08:48:28',  '2017-09-22 08:48:28',  'sit-sed'),
(20,  7,  'Qui.', '2017-09-22 08:48:29',  '2017-09-22 08:48:29',  'qui'),
(21,  10, 'Possimus.',  '2017-09-22 08:48:29',  '2017-09-22 08:48:29',  'possimus'),
(22,  8,  'Nihil et.',  '2017-09-22 08:48:29',  '2017-09-22 08:48:29',  'nihil-et'),
(23,  6,  'Repellat.',  '2017-09-22 08:48:29',  '2017-09-22 08:48:29',  'repellat'),
(24,  9,  'Est ut.',  '2017-09-22 08:48:29',  '2017-09-22 08:48:29',  'est-ut'),
(25,  6,  'Quisquam.',  '2017-09-22 08:48:29',  '2017-09-22 08:48:29',  'quisquam'),
(26,  6,  'At.',  '2017-09-22 08:48:29',  '2017-09-22 08:48:29',  'at'),
(27,  10, 'Totam.', '2017-09-22 08:48:29',  '2017-09-22 08:48:29',  'totam'),
(28,  1,  'Dolorum.', '2017-09-22 08:48:29',  '2017-09-22 08:48:29',  'dolorum'),
(29,  5,  'Et.',  '2017-09-22 08:48:29',  '2017-09-22 08:48:29',  'et'),
(30,  7,  'Sequi.', '2017-09-22 08:48:29',  '2017-09-22 08:48:29',  'sequi'),
(31,  2,  'Et sunt.', '2017-09-22 08:48:29',  '2017-09-22 08:48:29',  'et-sunt'),
(32,  10, 'Error ut.',  '2017-09-22 08:48:29',  '2017-09-22 08:48:29',  'error-ut'),
(33,  1,  'Quo.', '2017-09-22 08:48:29',  '2017-09-22 08:48:29',  'quo'),
(34,  4,  'Neque.', '2017-09-22 08:48:29',  '2017-09-22 08:48:29',  'neque'),
(35,  11, 'Et.',  '2017-09-22 08:48:29',  '2017-09-22 08:48:29',  'et'),
(36,  7,  'Dolores.', '2017-09-22 08:48:29',  '2017-09-22 08:48:29',  'dolores'),
(37,  2,  'Ipsam.', '2017-09-22 08:48:29',  '2017-09-22 08:48:29',  'ipsam'),
(38,  4,  'Incidunt.',  '2017-09-22 08:48:29',  '2017-09-22 08:48:29',  'incidunt'),
(39,  3,  'Ipsa.',  '2017-09-22 08:48:29',  '2017-09-22 08:48:29',  'ipsa'),
(40,  10, 'Nobis.', '2017-09-22 08:48:29',  '2017-09-22 08:48:29',  'nobis'),
(41,  6,  'Autem.', '2017-09-22 08:48:29',  '2017-09-22 08:48:29',  'autem'),
(42,  10, 'Dolor.', '2017-09-22 08:48:29',  '2017-09-22 08:48:29',  'dolor'),
(43,  3,  'Fugit.', '2017-09-22 08:48:30',  '2017-09-22 08:48:30',  'fugit'),
(44,  11, 'Odit.',  '2017-09-22 08:48:30',  '2017-09-22 08:48:30',  'odit'),
(45,  9,  'Qui.', '2017-09-22 08:48:30',  '2017-09-22 08:48:30',  'qui'),
(46,  10, 'Illo.',  '2017-09-22 08:48:30',  '2017-09-22 08:48:30',  'illo'),
(47,  3,  'Facilis.', '2017-09-22 08:48:30',  '2017-09-22 08:48:30',  'facilis'),
(48,  4,  'Harum.', '2017-09-22 08:48:30',  '2017-09-22 08:48:30',  'harum'),
(49,  3,  'Quod aut.',  '2017-09-22 08:48:30',  '2017-09-22 08:48:30',  'quod-aut'),
(50,  5,  'Maxime.',  '2017-09-22 08:48:30',  '2017-09-22 08:48:30',  'maxime'),
(51,  9,  'Fugiat.',  '2017-09-22 08:48:30',  '2017-09-22 08:48:30',  'fugiat'),
(52,  10, 'Sunt aut.',  '2017-09-22 08:48:30',  '2017-09-22 08:48:30',  'sunt-aut'),
(53,  7,  'Adipisci.',  '2017-09-22 08:48:30',  '2017-09-22 08:48:30',  'adipisci'),
(54,  10, 'Maiores.', '2017-09-22 08:48:30',  '2017-09-22 08:48:30',  'maiores'),
(55,  8,  'Illum.', '2017-09-22 08:48:30',  '2017-09-22 08:48:30',  'illum'),
(56,  1,  'Enim.',  '2017-09-22 08:48:30',  '2017-09-22 08:48:30',  'enim'),
(57,  6,  'Non esse.',  '2017-09-22 08:48:30',  '2017-09-22 08:48:30',  'non-esse'),
(58,  4,  'Ipsum.', '2017-09-22 08:48:30',  '2017-09-22 08:48:30',  'ipsum'),
(59,  9,  'Alias.', '2017-09-22 08:48:30',  '2017-09-22 08:48:30',  'alias'),
(60,  5,  'Quo et.',  '2017-09-22 08:48:30',  '2017-09-22 08:48:30',  'quo-et'),
(61,  9,  'Voluptas.',  '2017-09-22 08:48:30',  '2017-09-22 08:48:30',  'voluptas'),
(62,  3,  'Eos vel.', '2017-09-22 08:48:30',  '2017-09-22 08:48:30',  'eos-vel'),
(63,  2,  'Porro.', '2017-09-22 08:48:30',  '2017-09-22 08:48:30',  'porro'),
(64,  5,  'Aut.', '2017-09-22 08:48:30',  '2017-09-22 08:48:30',  'aut'),
(65,  2,  'Dolorem.', '2017-09-22 08:48:30',  '2017-09-22 08:48:30',  'dolorem'),
(66,  8,  'Autem.', '2017-09-22 08:48:30',  '2017-09-22 08:48:30',  'autem'),
(67,  8,  'Sapiente.',  '2017-09-22 08:48:30',  '2017-09-22 08:48:30',  'sapiente'),
(68,  11, 'Aut.', '2017-09-22 08:48:30',  '2017-09-22 08:48:30',  'aut'),
(69,  2,  'Vel sit.', '2017-09-22 08:48:30',  '2017-09-22 08:48:30',  'vel-sit'),
(70,  4,  'Iusto.', '2017-09-22 08:48:30',  '2017-09-22 08:48:30',  'iusto'),
(71,  7,  'Corrupti.',  '2017-09-22 08:48:31',  '2017-09-22 08:48:31',  'corrupti'),
(72,  1,  'Nemo.',  '2017-09-22 08:48:31',  '2017-09-22 08:48:31',  'nemo'),
(73,  11, 'Eos.', '2017-09-22 08:48:31',  '2017-09-22 08:48:31',  'eos'),
(74,  11, 'Vel.', '2017-09-22 08:48:31',  '2017-09-22 08:48:31',  'vel'),
(75,  4,  'Facilis.', '2017-09-22 08:48:31',  '2017-09-22 08:48:31',  'facilis'),
(76,  3,  'Eum.', '2017-09-22 08:48:31',  '2017-09-22 08:48:31',  'eum'),
(77,  4,  'Dolore.',  '2017-09-22 08:48:31',  '2017-09-22 08:48:31',  'dolore'),
(78,  4,  'Ut et.', '2017-09-22 08:48:31',  '2017-09-22 08:48:31',  'ut-et'),
(79,  7,  'Vel qui.', '2017-09-22 08:48:31',  '2017-09-22 08:48:31',  'vel-qui'),
(80,  8,  'Veniam.',  '2017-09-22 08:48:31',  '2017-09-22 08:48:31',  'veniam'),
(81,  1,  'Aut.', '2017-09-22 08:48:31',  '2017-09-22 08:48:31',  'aut'),
(82,  9,  'Quia.',  '2017-09-22 08:48:31',  '2017-09-22 08:48:31',  'quia'),
(83,  9,  'Libero.',  '2017-09-22 08:48:31',  '2017-09-22 08:48:31',  'libero'),
(84,  4,  'Mollitia.',  '2017-09-22 08:48:31',  '2017-09-22 08:48:31',  'mollitia'),
(85,  9,  'Esse.',  '2017-09-22 08:48:31',  '2017-09-22 08:48:31',  'esse'),
(86,  10, 'Placeat.', '2017-09-22 08:48:31',  '2017-09-22 08:48:31',  'placeat'),
(87,  3,  'Dolorum.', '2017-09-22 08:48:31',  '2017-09-22 08:48:31',  'dolorum'),
(88,  8,  'Non cum.', '2017-09-22 08:48:31',  '2017-09-22 08:48:31',  'non-cum'),
(89,  10, 'Fugit.', '2017-09-22 08:48:31',  '2017-09-22 08:48:31',  'fugit'),
(90,  8,  'Autem.', '2017-09-22 08:48:31',  '2017-09-22 08:48:31',  'autem'),
(91,  5,  'Iste ad.', '2017-09-22 08:48:31',  '2017-09-22 08:48:31',  'iste-ad'),
(92,  3,  'Possimus.',  '2017-09-22 08:48:31',  '2017-09-22 08:48:31',  'possimus'),
(93,  3,  'Incidunt.',  '2017-09-22 08:48:31',  '2017-09-22 08:48:31',  'incidunt'),
(94,  10, 'Magnam.',  '2017-09-22 08:48:31',  '2017-09-22 08:48:31',  'magnam'),
(95,  9,  'Nulla a.', '2017-09-22 08:48:31',  '2017-09-22 08:48:31',  'nulla-a'),
(96,  8,  'Dolor.', '2017-09-22 08:48:31',  '2017-09-22 08:48:31',  'dolor'),
(97,  1,  'Velit.', '2017-09-22 08:48:31',  '2017-09-22 08:48:31',  'velit'),
(98,  5,  'Omnis.', '2017-09-22 08:48:32',  '2017-09-22 08:48:32',  'omnis'),
(99,  10, 'Non.', '2017-09-22 08:48:32',  '2017-09-22 08:48:32',  'non'),
(100, 5,  'Sed.', '2017-09-22 08:48:32',  '2017-09-22 08:48:32',  'sed'),
(101, 4,  'Deleniti.',  '2017-09-22 08:48:32',  '2017-09-22 08:48:32',  'deleniti'),
(102, 4,  'Qui quis.',  '2017-09-22 08:48:32',  '2017-09-22 08:48:32',  'qui-quis'),
(103, 8,  'Maiores.', '2017-09-22 08:48:32',  '2017-09-22 08:48:32',  'maiores'),
(104, 6,  'A libero.',  '2017-09-22 08:48:32',  '2017-09-22 08:48:32',  'a-libero'),
(105, 1,  'Velit.', '2017-09-24 03:46:19',  '2017-09-24 03:46:19',  'velit'),
(106, 4,  'Dolores.', '2017-09-24 03:46:19',  '2017-09-24 03:46:19',  'dolores'),
(107, 4,  'Aperiam.', '2017-09-24 03:46:19',  '2017-09-24 03:46:19',  'aperiam'),
(108, 3,  'Nihil.', '2017-09-24 03:46:19',  '2017-09-24 03:46:19',  'nihil'),
(109, 6,  'Vel qui.', '2017-09-24 03:46:19',  '2017-09-24 03:46:19',  'vel-qui'),
(110, 8,  'Nihil.', '2017-09-24 03:46:19',  '2017-09-24 03:46:19',  'nihil'),
(111, 4,  'Suscipit.',  '2017-09-24 03:46:19',  '2017-09-24 03:46:19',  'suscipit'),
(112, 1,  'Eum.', '2017-09-24 03:46:19',  '2017-09-24 03:46:19',  'eum'),
(113, 4,  'Ad ut.', '2017-09-24 03:46:19',  '2017-09-24 03:46:19',  'ad-ut'),
(114, 4,  'Corrupti.',  '2017-09-24 03:46:20',  '2017-09-24 03:46:20',  'corrupti'),
(115, 5,  'Animi.', '2017-09-24 03:46:20',  '2017-09-24 03:46:20',  'animi'),
(116, 10, 'Sint.',  '2017-09-24 03:46:20',  '2017-09-24 03:46:20',  'sint'),
(117, 5,  'Commodi.', '2017-09-24 03:46:20',  '2017-09-24 03:46:20',  'commodi'),
(118, 4,  'Ea.',  '2017-09-24 03:46:20',  '2017-09-24 03:46:20',  'ea'),
(119, 8,  'Ad.',  '2017-09-24 03:46:20',  '2017-09-24 03:46:20',  'ad'),
(120, 8,  'Rerum.', '2017-09-24 03:46:20',  '2017-09-24 03:46:20',  'rerum'),
(121, 10, 'Quia.',  '2017-09-24 03:46:20',  '2017-09-24 03:46:20',  'quia'),
(122, 6,  'Voluptas.',  '2017-09-24 03:46:20',  '2017-09-24 03:46:20',  'voluptas'),
(123, 9,  'Saepe.', '2017-09-24 03:46:20',  '2017-09-24 03:46:20',  'saepe'),
(124, 4,  'Ut quis.', '2017-09-24 03:46:20',  '2017-09-24 03:46:20',  'ut-quis'),
(125, 10, 'Maiores.', '2017-09-24 03:46:20',  '2017-09-24 03:46:20',  'maiores'),
(126, 8,  'Non quam.',  '2017-09-24 03:46:20',  '2017-09-24 03:46:20',  'non-quam'),
(127, 1,  'Voluptas.',  '2017-09-24 03:46:20',  '2017-09-24 03:46:20',  'voluptas'),
(128, 3,  'Sint.',  '2017-09-24 03:46:20',  '2017-09-24 03:46:20',  'sint'),
(129, 1,  'Numquam.', '2017-09-24 03:46:20',  '2017-09-24 03:46:20',  'numquam'),
(130, 10, 'Quae.',  '2017-09-24 03:46:20',  '2017-09-24 03:46:20',  'quae'),
(131, 6,  'Autem.', '2017-09-24 03:46:20',  '2017-09-24 03:46:20',  'autem'),
(132, 7,  'Vitae.', '2017-09-24 03:46:20',  '2017-09-24 03:46:20',  'vitae'),
(133, 3,  'Ut et.', '2017-09-24 03:46:20',  '2017-09-24 03:46:20',  'ut-et'),
(134, 10, 'Vel ut.',  '2017-09-24 03:46:20',  '2017-09-24 03:46:20',  'vel-ut'),
(135, 8,  'Animi.', '2017-09-24 03:46:20',  '2017-09-24 03:46:20',  'animi'),
(136, 3,  'Quam.',  '2017-09-24 03:46:20',  '2017-09-24 03:46:20',  'quam'),
(137, 3,  'Expedita.',  '2017-09-24 03:46:21',  '2017-09-24 03:46:21',  'expedita'),
(138, 5,  'Ea rerum.',  '2017-09-24 03:46:21',  '2017-09-24 03:46:21',  'ea-rerum'),
(139, 11, 'Ab omnis.',  '2017-09-24 03:46:21',  '2017-09-24 03:46:21',  'ab-omnis'),
(140, 3,  'Velit et.',  '2017-09-24 03:46:21',  '2017-09-24 03:46:21',  'velit-et'),
(141, 8,  'Sapiente.',  '2017-09-24 03:46:21',  '2017-09-24 03:46:21',  'sapiente'),
(142, 4,  'Itaque.',  '2017-09-24 03:46:21',  '2017-09-24 03:46:21',  'itaque'),
(143, 1,  'Quis.',  '2017-09-24 03:46:21',  '2017-09-24 03:46:21',  'quis'),
(144, 7,  'Dolore.',  '2017-09-24 03:46:21',  '2017-09-24 03:46:21',  'dolore'),
(145, 8,  'Debitis.', '2017-09-24 03:46:21',  '2017-09-24 03:46:21',  'debitis'),
(146, 9,  'Optio.', '2017-09-24 03:46:21',  '2017-09-24 03:46:21',  'optio'),
(147, 9,  'Aperiam.', '2017-09-24 03:46:21',  '2017-09-24 03:46:21',  'aperiam'),
(148, 10, 'Maiores.', '2017-09-24 03:46:21',  '2017-09-24 03:46:21',  'maiores'),
(149, 2,  'Vero.',  '2017-09-24 03:46:21',  '2017-09-24 03:46:21',  'vero'),
(150, 5,  'Est.', '2017-09-24 03:46:21',  '2017-09-24 03:46:21',  'est'),
(151, 1,  'Neque.', '2017-09-24 03:46:21',  '2017-09-24 03:46:21',  'neque'),
(152, 9,  'Ea eum.',  '2017-09-24 03:46:21',  '2017-09-24 03:46:21',  'ea-eum'),
(153, 9,  'Quod hic.',  '2017-09-24 03:46:21',  '2017-09-24 03:46:21',  'quod-hic'),
(154, 8,  'Ut culpa.',  '2017-09-24 03:46:21',  '2017-09-24 03:46:21',  'ut-culpa'),
(155, 9,  'Aut.', '2017-09-24 03:46:21',  '2017-09-24 03:46:21',  'aut'),
(156, 9,  'Id.',  '2017-09-24 03:46:21',  '2017-09-24 03:46:21',  'id'),
(157, 5,  'Quaerat.', '2017-09-24 03:46:21',  '2017-09-24 03:46:21',  'quaerat'),
(158, 11, 'Ullam.', '2017-09-24 03:46:21',  '2017-09-24 03:46:21',  'ullam'),
(159, 4,  'Quis id.', '2017-09-24 03:46:21',  '2017-09-24 03:46:21',  'quis-id'),
(160, 10, 'Ipsam.', '2017-09-24 03:46:21',  '2017-09-24 03:46:21',  'ipsam'),
(161, 6,  'Vel at.',  '2017-09-24 03:46:22',  '2017-09-24 03:46:22',  'vel-at'),
(162, 3,  'Non non.', '2017-09-24 03:46:22',  '2017-09-24 03:46:22',  'non-non'),
(163, 5,  'Quo.', '2017-09-24 03:46:22',  '2017-09-24 03:46:22',  'quo'),
(164, 8,  'Aliquam.', '2017-09-24 03:46:22',  '2017-09-24 03:46:22',  'aliquam'),
(165, 9,  'Quia.',  '2017-09-24 03:46:22',  '2017-09-24 03:46:22',  'quia'),
(166, 4,  'Ut.',  '2017-09-24 03:46:22',  '2017-09-24 03:46:22',  'ut'),
(167, 6,  'Qui.', '2017-09-24 03:46:22',  '2017-09-24 03:46:22',  'qui'),
(168, 6,  'Tenetur.', '2017-09-24 03:46:22',  '2017-09-24 03:46:22',  'tenetur'),
(169, 2,  'Dolorem.', '2017-09-24 03:46:22',  '2017-09-24 03:46:22',  'dolorem'),
(170, 6,  'Ipsa.',  '2017-09-24 03:46:22',  '2017-09-24 03:46:22',  'ipsa'),
(171, 4,  'Aut.', '2017-09-24 03:46:22',  '2017-09-24 03:46:22',  'aut'),
(172, 5,  'Ut.',  '2017-09-24 03:46:22',  '2017-09-24 03:46:22',  'ut'),
(173, 2,  'Eos quia.',  '2017-09-24 03:46:22',  '2017-09-24 03:46:22',  'eos-quia'),
(174, 2,  'Et aut.',  '2017-09-24 03:46:22',  '2017-09-24 03:46:22',  'et-aut'),
(175, 5,  'Qui.', '2017-09-24 03:46:22',  '2017-09-24 03:46:22',  'qui'),
(176, 6,  'Quis.',  '2017-09-24 03:46:22',  '2017-09-24 03:46:22',  'quis'),
(177, 8,  'Omnis.', '2017-09-24 03:46:22',  '2017-09-24 03:46:22',  'omnis'),
(178, 1,  'Aut.', '2017-09-24 03:46:22',  '2017-09-24 03:46:22',  'aut'),
(179, 10, 'Nihil.', '2017-09-24 03:46:22',  '2017-09-24 03:46:22',  'nihil'),
(180, 10, 'A eaque.', '2017-09-24 03:46:22',  '2017-09-24 03:46:22',  'a-eaque'),
(181, 6,  'Amet.',  '2017-09-24 03:46:22',  '2017-09-24 03:46:22',  'amet'),
(182, 8,  'Rem illo.',  '2017-09-24 03:46:22',  '2017-09-24 03:46:22',  'rem-illo'),
(183, 1,  'Quisquam.',  '2017-09-24 03:46:22',  '2017-09-24 03:46:22',  'quisquam'),
(184, 11, 'Et.',  '2017-09-24 03:46:22',  '2017-09-24 03:46:22',  'et'),
(185, 3,  'Id et.', '2017-09-24 03:46:22',  '2017-09-24 03:46:22',  'id-et'),
(186, 9,  'Et et.', '2017-09-24 03:46:22',  '2017-09-24 03:46:22',  'et-et'),
(187, 2,  'Iusto.', '2017-09-24 03:46:22',  '2017-09-24 03:46:22',  'iusto'),
(188, 8,  'Aut.', '2017-09-24 03:46:23',  '2017-09-24 03:46:23',  'aut'),
(189, 6,  'Dolor.', '2017-09-24 03:46:23',  '2017-09-24 03:46:23',  'dolor'),
(190, 3,  'Ducimus.', '2017-09-24 03:46:23',  '2017-09-24 03:46:23',  'ducimus'),
(191, 2,  'Placeat.', '2017-09-24 03:46:23',  '2017-09-24 03:46:23',  'placeat'),
(192, 7,  'Magni.', '2017-09-24 03:46:23',  '2017-09-24 03:46:23',  'magni'),
(193, 5,  'Atque.', '2017-09-24 03:46:23',  '2017-09-24 03:46:23',  'atque'),
(194, 4,  'Illo non.',  '2017-09-24 03:46:23',  '2017-09-24 03:46:23',  'illo-non'),
(195, 10, 'Dolor.', '2017-09-24 03:46:23',  '2017-09-24 03:46:23',  'dolor'),
(196, 2,  'Minus.', '2017-09-24 03:46:23',  '2017-09-24 03:46:23',  'minus'),
(197, 11, 'Repellat.',  '2017-09-24 03:46:23',  '2017-09-24 03:46:23',  'repellat'),
(198, 1,  'Omnis.', '2017-09-24 03:46:23',  '2017-09-24 03:46:23',  'omnis'),
(199, 4,  'Laborum.', '2017-09-24 03:46:23',  '2017-09-24 03:46:23',  'laborum'),
(200, 11, 'Expedita.',  '2017-09-24 03:46:23',  '2017-09-24 03:46:23',  'expedita'),
(201, 4,  'Qui quia.',  '2017-09-24 03:46:23',  '2017-09-24 03:46:23',  'qui-quia'),
(202, 5,  'Deserunt.',  '2017-09-24 03:46:23',  '2017-09-24 03:46:23',  'deserunt'),
(203, 1,  'Sed ut.',  '2017-09-24 03:46:23',  '2017-09-24 03:46:23',  'sed-ut'),
(204, 11, 'Alias.', '2017-09-24 03:46:23',  '2017-09-24 03:46:23',  'alias');

DROP TABLE IF EXISTS `subscriptions`;
CREATE TABLE `subscriptions` (
  `id` int(11) unsigned NOT NULL AUTO_INCREMENT,
  `user_id` int(11) unsigned NOT NULL,
  `plan_id` int(11) unsigned NOT NULL,
  `ends_at` datetime DEFAULT NULL,
  `status` char(2) NOT NULL DEFAULT '0',
  `amount` varchar(100) DEFAULT NULL,
  `pay_status` char(1) NOT NULL DEFAULT '0',
  `created_at` timestamp NULL DEFAULT NULL,
  `updated_at` timestamp NULL DEFAULT NULL,
  `trxn_ref` varchar(100) NOT NULL,
  PRIMARY KEY (`id`),
  KEY `user_id` (`user_id`),
  KEY `plan_id` (`plan_id`),
  CONSTRAINT `subscriptions_ibfk_1` FOREIGN KEY (`user_id`) REFERENCES `users` (`id`) ON DELETE CASCADE,
  CONSTRAINT `subscriptions_ibfk_2` FOREIGN KEY (`plan_id`) REFERENCES `plans` (`id`) ON DELETE CASCADE
) ENGINE=InnoDB DEFAULT CHARSET=latin1;

INSERT INTO `subscriptions` (`id`, `user_id`, `plan_id`, `ends_at`, `status`, `amount`, `pay_status`, `created_at`, `updated_at`, `trxn_ref`) VALUES
(2, 1,  1,  NULL, '1',  '', '1',  '2017-12-28 04:10:33',  '2017-12-28 14:36:06',  'XsK5bQ0b4nmRI4hA3Oeb8YT3r'),
(8, 1,  3,  NULL, '0',  NULL, '0',  '2017-12-28 14:35:57',  '2017-12-28 14:35:57',  'QhJd2xiSg676HrKnrS63aDFcg'),
(9, 1,  2,  NULL, '0',  NULL, '0',  '2017-12-28 14:38:06',  '2017-12-28 14:38:06',  '2VYs8CqGu0chQd4BNVwOvv5mZ'),
(10,  1,  2,  NULL, '1',  '400000', '1',  '2017-12-28 14:49:06',  '2017-12-28 14:49:34',  '9KvVIdz0XrT3ErT1TADYpU0vl'),
(11,  6,  1,  NULL, '1',  '100000', '1',  '2017-12-28 15:37:55',  '2017-12-28 15:38:24',  'Nd5QxIsR7O1G6IRiEdii8ZkpQ');

DROP TABLE IF EXISTS `trxn_log`;
CREATE TABLE `trxn_log` (
  `id` int(11) NOT NULL AUTO_INCREMENT,
  `user_id` int(10) unsigned NOT NULL,
  `plan_id` int(11) unsigned NOT NULL,
  `trxn_ref` varchar(200) NOT NULL,
  `trxn_status` int(1) NOT NULL,
  `trxn_data` text NOT NULL,
  `created_at` timestamp NOT NULL DEFAULT current_timestamp() ON UPDATE current_timestamp(),
  PRIMARY KEY (`id`),
  KEY `user_id` (`user_id`),
  KEY `plan_id` (`plan_id`),
  CONSTRAINT `trxn_log_ibfk_1` FOREIGN KEY (`user_id`) REFERENCES `users` (`id`),
  CONSTRAINT `trxn_log_ibfk_2` FOREIGN KEY (`plan_id`) REFERENCES `plans` (`id`)
) ENGINE=InnoDB DEFAULT CHARSET=latin1;


DROP TABLE IF EXISTS `users`;
CREATE TABLE `users` (
  `id` int(10) unsigned NOT NULL AUTO_INCREMENT,
  `email` varchar(255) COLLATE utf8mb4_unicode_ci DEFAULT NULL,
  `username` varchar(255) COLLATE utf8mb4_unicode_ci DEFAULT NULL,
  `phone` varchar(255) COLLATE utf8mb4_unicode_ci DEFAULT NULL,
  `password` varchar(255) COLLATE utf8mb4_unicode_ci DEFAULT NULL,
  `first_name` varchar(255) COLLATE utf8mb4_unicode_ci DEFAULT NULL,
  `last_name` varchar(255) COLLATE utf8mb4_unicode_ci DEFAULT NULL,
  `image` text COLLATE utf8mb4_unicode_ci DEFAULT NULL,
  `location` varchar(255) COLLATE utf8mb4_unicode_ci DEFAULT NULL,
  `status` char(1) COLLATE utf8mb4_unicode_ci DEFAULT '1',
  `slug` varchar(255) COLLATE utf8mb4_unicode_ci DEFAULT NULL,
  `remember_token` varchar(255) COLLATE utf8mb4_unicode_ci DEFAULT NULL,
  `created_at` timestamp NULL DEFAULT NULL,
  `updated_at` timestamp NULL DEFAULT NULL,
  `adminer` int(2) DEFAULT 0,
  PRIMARY KEY (`id`)
) ENGINE=InnoDB DEFAULT CHARSET=utf8mb4 COLLATE=utf8mb4_unicode_ci;

INSERT INTO `users` (`id`, `email`, `username`, `phone`, `password`, `first_name`, `last_name`, `image`, `location`, `status`, `slug`, `remember_token`, `created_at`, `updated_at`, `adminer`) VALUES
(1, 'dapo@gmail.com', 'dapoBelieves', '07069494803',  '$2y$10$EJJoTfhHe/A2BOzDIB.Dq.eVFraJcpD0XFj8Wmbk860OBvEjoQ4Gy', 'Dapo', 'Michaels', '', NULL, '1',  'dapobelieves', 'UoMtsaZXCpG79wr4S9hdX31OSFWhVu7pWIEVoWlgU25SWEDpBGd4j09lviYK', '2017-08-23 00:26:49',  '2017-12-17 01:39:11',  1),
(3, 'maryope8@gmail.com', '@Opeyemi08028756291',  '08028756291',  '$2y$10$5ozMKtaqGuiBhqcPcmndzuAlNiHlbaZKt1ELic4xm621GP2BOSr2C', 'Opeyemi',  'Mary', NULL, NULL, '1',  'opeyemi08028756291', 'WISYeq5qEaE8tKUWW4e2slas0JeN3tRYy2P940JyYvxOwpGpQRUtr6mgjfnQ', '2017-09-24 03:41:13',  '2017-09-24 03:41:13',  0),
(4, 'jerexbambex@hotmail.com',  '@Oluwafemin08067099420', '08067099420',  '$2y$10$bepvJ9Rk0E61w99DGPzeLOScZMjZGDe0IAhUW/4hlLFIAVs4HceNa', 'Oluwafemin', 'Isaac',  NULL, NULL, '1',  'oluwafemin08067099420',  'ja8FmlSpYhIInKkcEBEJ4VDbtSFLNQ4Ibp5uRlEDxlgbYyXLQGPcYCrY1rzw', '2017-09-24 03:42:15',  '2017-09-24 03:42:15',  0),
(5, 'deji@gmail.com', '@5a3d6079c69bd', '08134327417',  '$2y$10$93BM1PUO5DeYEQAvsS4.3OHKJu4Bt4CKdmE7hspyZ89RLsmueR0sG', 'deji', 'dxtrim', NULL, NULL, '1',  '5a3d6079c69bd',  'eXIpntMvQ4Fgy9jliackoS2oNlGY8OLMTHeviSG0uqhwVLnrwLnQOpwGpjXH', '2017-12-22 18:43:53',  '2017-12-22 18:43:53',  0),
(6, 'dapomichaels@gmail.com', '5a451d7bb237a',  NULL, NULL, 'Dapo Michaels',  NULL, NULL, NULL, '1',  '5a451d7bb237a',  NULL, '2017-12-28 15:36:11',  '2017-12-28 15:36:11',  0);

-- 2018-01-02 21:33:01